0.0,2.48107,9.47497,2.53968,9.47985
0.1,2.48107,9.47497,2.53968,9.48189
0.2,2.48107,9.47497,2.53968,9.49206
0.3,2.48107,9.47497,2.54307,9.50029
0.4,2.48107,9.47497,2.53987,9.50427
0.5,2.48107,9.47497,2.54945,9.51648
0.6,2.48107,9.47497,2.54945,9.51648
0.7,2.48107,9.47497,2.53724,9.52869
0.8,2.48107,9.47497,2.53992,9.52869
0.9,2.48107,9.47497,2.55189,9.54090
1.0,5.47985,8.18803,5.62637,8.82564
1.1,5.47985,8.18803,4.63878,8.47126
1.2,5.47985,8.18803,5.58281,8.43956
1.3,5.47985,8.18803,5.61177,8.43956
1.4,5.47985,8.18803,5.60953,8.43956
1.5,5.47985,8.18803,5.60736,8.43349
1.6,5.47985,8.18803,5.62367,8.42741
1.7,5.47985,8.18803,5.60342,8.43956
1.8,5.47985,8.18803,5.60928,8.43956
1.9,5.47985,8.18803,5.60928,8.43956
2.0,5.47985,8.18803,5.60928,8.43956
2.1,5.47985,8.18803,5.61255,8.43956
2.2,5.47985,8.18803,5.61172,8.43907
2.3,5.47985,8.18803,5.61172,8.43932
2.4,5.47985,8.18803,5.61172,8.43956
2.5,5.47985,8.18803,5.61172,8.43956
2.6,5.47985,8.18803,5.61172,8.42807
2.7,5.47985,8.18803,5.59951,8.43956
2.8,5.47985,8.18803,5.60195,8.43956
2.9,5.47985,8.18803,5.60195,8.43818
3.0,8.69841,6.76190,6.90940,7.78408
3.1,8.69841,6.76190,8.19121,7.02709
3.2,8.69841,6.76190,8.84237,6.99634
3.3,8.69841,6.76190,8.83332,6.99399
3.4,8.69841,6.76190,8.83320,6.98035
3.5,8.69841,6.76190,8.84493,6.97924
3.6,8.69841,6.76190,8.83272,6.97924
3.7,8.69841,6.76190,8.83268,6.97924
3.8,8.69841,6.76190,8.83272,6.97924
3.9,8.69841,6.76190,8.83272,6.97924
4.0,8.69841,6.76190,8.83272,6.97924
4.1,8.69841,6.76190,8.83272,6.97924
4.2,8.69841,6.76190,8.83272,6.97924
4.3,8.69841,6.76190,8.83272,6.97924
4.4,8.69841,6.76190,8.83272,6.97924
4.5,8.69841,6.76190,8.83272,6.97924
4.6,8.69841,6.76190,8.83272,6.97924
4.7,8.69841,6.76190,8.83272,6.97924
4.8,8.69841,6.76190,8.83028,6.97924
4.9,8.69841,6.76190,8.83028,6.97924
5.0,8.38828,7.34799,8.77900,7.17255
5.1,8.38828,7.34799,8.68781,7.27777
5.2,8.37607,7.34799,8.61008,7.33700
5.3,8.37607,7.34799,8.56833,7.39391
5.4,8.37607,7.34799,8.51526,7.47497
5.5,8.37607,7.34799,8.51526,7.75463
5.6,8.37607,7.34799,8.51526,7.85650
5.7,8.37607,7.34799,8.50061,7.87057
5.8,8.37607,7.34799,8.50061,7.87057
5.9,8.37607,7.34799,8.49231,7.87057
6.0,8.37607,7.34799,8.50029,7.87057
6.1,8.37607,7.34799,8.48771,7.87057
6.2,8.37607,7.34799,8.48797,7.87057
6.3,8.37607,7.34799,8.48457,7.87057
6.4,8.37607,7.34799,8.48596,7.87057
6.5,8.37607,7.34799,8.48270,7.80525
6.6,8.37607,7.34799,8.48107,7.67651
6.7,8.37607,7.34799,8.48107,7.63858
6.8,8.37607,7.34799,8.46886,7.62456
6.9,8.37607,7.34799,8.46783,7.61172
7.0,8.70085,7.34799,8.77703,7.70904
7.1,8.70085,7.34799,8.79853,7.71184
7.2,8.70085,7.34799,8.79853,7.71184
7.3,8.70085,7.34799,8.79853,7.69963
7.4,8.70085,7.34799,8.81294,7.68681
7.5,8.70085,7.34799,8.80098,7.67033
7.6,8.70085,7.34799,8.80098,7.67033
7.7,8.70085,7.34799,8.80098,7.65812
7.8,8.70085,7.34799,8.79853,7.64672
7.9,8.70085,7.34799,8.79853,7.64591
8.0,8.70085,7.34799,8.80739,7.63472
8.1,8.70085,7.34799,8.80586,7.63370
8.2,8.70085,7.34799,8.80216,7.63370
8.3,8.70085,7.34799,8.79868,7.62149
8.4,8.70085,7.34799,8.79875,7.62149
8.5,8.70085,7.34799,8.80084,7.62149
8.6,8.70085,7.34799,8.79998,7.60928
8.7,8.70085,7.34799,8.80095,7.60928
8.8,8.70085,7.34799,8.80098,7.60928
8.9,8.70085,7.34799,8.81211,7.60928
9.0,5.04029,8.52259,5.81934,8.24350
9.1,5.04029,8.52259,5.99494,8.41514
9.2,5.04029,8.52259,5.10623,8.47131
9.3,5.04029,8.52259,5.11111,8.47131
9.4,5.04029,8.52259,5.11035,8.48352
9.5,5.04029,8.52259,5.10149,8.49174
9.6,5.04029,8.52259,5.10134,8.49573
9.7,5.04029,8.52259,5.10975,8.50782
9.8,5.04029,8.52259,5.10867,8.50794
9.9,5.04029,8.52259,5.10867,8.52015
10.0,5.04029,8.52259,5.10867,8.53032
10.1,5.04029,8.52259,5.10867,8.53236
10.2,5.04029,8.52259,5.10867,8.54457
10.3,5.04029,8.52259,5.10623,8.55678
10.4,5.04029,8.52259,5.11268,8.56899
10.5,5.04029,8.52259,5.11600,8.58120
10.6,5.04029,8.52259,5.11355,8.58120
10.7,5.04029,8.52259,5.11355,8.59341
10.8,5.04029,8.52259,5.11355,8.60562
10.9,5.04029,8.52259,5.11355,6.35270
11.0,8.10745,3.84615,8.19358,4.64896
11.1,8.10745,3.84615,8.22466,4.92035
11.2,8.10745,3.84615,8.22466,4.01503
11.3,8.10745,3.84615,8.22466,4.01221
11.4,8.10745,3.84615,8.22466,4.01221
11.5,8.10745,3.84615,8.22466,4.01221
11.6,8.10745,3.84615,8.22466,4.01221
11.7,8.10745,3.84615,8.22466,4.00000
11.8,8.10745,3.84615,8.22247,4.00008
11.9,8.10745,3.84615,8.22222,4.00000
12.0,8.10745,3.84615,8.22222,4.01221
12.1,8.10745,3.84615,8.22222,4.01169
12.2,8.10745,3.84615,8.22222,4.00023
12.3,8.10745,3.84615,8.22222,4.01221
12.4,8.10745,3.84615,8.22222,4.00000
12.5,8.11233,3.84615,8.21221,4.00000
12.6,8.11966,3.84615,8.22044,4.01180
12.7,8.11966,3.84615,8.22417,4.01221
12.8,8.11966,3.84615,8.22466,4.01221
12.9,8.11966,3.84615,8.22222,4.01221
13.0,9.50672,7.10379,9.58448,6.51052
13.1,9.50672,7.10379,9.60856,6.87327
13.2,9.50672,7.10379,9.61172,7.06960
13.3,9.50672,7.10379,9.61008,7.08181
13.4,9.50672,7.10379,9.61172,7.09402
13.5,9.50672,7.10379,9.61172,7.10623
13.6,9.50672,7.10379,9.61172,7.12251
13.7,9.50672,7.10379,9.61172,7.13065
13.8,9.50672,7.10379,9.61172,7.15425
13.9,9.50672,7.10379,9.59745,7.16636
14.0,9.50672,7.10379,9.59787,7.17949
14.1,9.50672,7.10379,9.59707,7.19170
14.2,9.50672,7.10379,9.59707,7.20366
14.3,9.50672,7.10379,9.60020,7.21600
14.4,9.50672,7.10379,9.60928,7.22833
14.5,9.50672,7.10379,9.60806,7.24054
14.6,9.50672,7.10379,9.60709,7.25181
14.7,9.50672,7.10379,9.60134,7.25275
14.8,9.50672,7.10379,9.59564,7.26496
14.9,9.50672,7.10379,9.59219,7.26496
15.0,9.50672,2.95238,9.60195,3.77411
15.1,9.50672,2.95238,9.60195,3.29079
15.2,9.50672,2.95238,9.60195,3.10480
15.3,9.50672,2.95238,9.60195,3.10391
15.4,9.50672,2.95238,9.60195,3.10379
15.5,9.50672,2.95238,9.60195,3.09158
15.6,9.50672,2.95238,9.60195,3.09158
15.7,9.50672,2.95238,9.60195,3.08913
15.8,9.50672,2.95238,9.60195,3.08913
15.9,9.50672,2.95238,9.60195,3.08913
16.0,9.50672,2.95238,9.60195,3.08913
16.1,9.50672,2.95238,9.60195,3.08913
16.2,9.50672,2.95238,9.60195,3.08913
16.3,9.50672,2.95238,9.60195,3.08913
16.4,9.50672,2.95238,9.60195,3.08913
16.5,9.50672,2.95238,9.60195,3.08913
16.6,9.50672,2.95238,9.60195,3.08913
16.7,9.50672,2.95238,9.60195,3.08913
16.8,9.50672,2.95238,9.60195,3.08913
16.9,9.50672,2.95238,9.60195,3.08913
17.0,0.90110,2.71062,4.54945,4.07258
17.1,0.90110,2.71062,1.34407,3.39913
17.2,0.90110,2.71062,1.05353,3.21334
17.3,0.90110,2.71062,0.98059,2.96242
17.4,0.90110,2.71062,0.95508,2.97193
17.5,0.90110,2.71062,0.95482,2.86374
17.6,0.90110,2.71062,0.95482,2.85345
17.7,0.90110,2.71062,0.95482,2.85952
17.8,0.90110,2.71062,0.95482,2.85958
17.9,0.90110,2.71062,0.95482,2.85958
18.0,0.90110,2.71062,0.95482,2.85958
18.1,0.90110,2.71062,0.94994,2.85958
18.2,0.90110,2.71062,0.94994,2.85958
18.3,0.90110,2.71062,0.94994,2.85958
18.4,0.90110,2.71062,0.94994,2.87179
18.5,0.90110,2.71062,0.94750,2.88400
18.6,0.90110,2.71062,0.95971,2.88400
18.7,0.90110,2.71062,0.95726,2.88400
18.8,0.90110,2.71062,0.95726,2.88400
18.9,0.90110,2.71062,3.29915,2.88400
19.0,5.72051,2.33700,5.37148,2.75946
19.1,5.72405,2.33700,4.73786,2.58068
19.2,5.72405,2.33700,5.84292,2.53480
19.3,5.72405,2.33700,5.82662,2.53480
19.4,5.72405,2.33700,5.83033,2.53480
19.5,5.72405,2.33700,5.82662,2.53480
19.6,5.72405,2.33700,5.82662,2.53480
19.7,5.72405,2.33700,5.82662,2.53480
19.8,5.72405,2.33700,5.82662,2.52661
19.9,5.72405,2.32479,5.82662,2.53451
20.0,5.72405,2.32479,5.83639,2.53463
20.1,5.72405,2.32479,5.82645,2.52259
20.2,5.72405,2.32479,5.82662,2.52259
20.3,5.72405,2.32479,5.82662,2.52259
20.4,5.72405,2.32479,5.82662,2.52259
20.5,5.72405,2.32479,5.82662,2.52259
20.6,5.72405,2.32479,5.82662,2.52259
20.7,5.72405,2.32479,5.82662,2.52259
20.8,5.72405,2.32479,5.83342,2.52259
20.9,5.72405,2.32479,5.82662,2.52259
21.0,2.78388,2.32479,3.67402,3.19497
21.1,2.78388,2.32479,3.07687,2.91982
21.2,2.78388,2.32479,2.89067,2.82819
21.3,2.78388,2.32479,2.85226,2.66295
21.4,2.78388,2.32479,2.85226,2.61961
21.5,2.78388,2.32479,2.85226,2.57631
21.6,2.78388,2.32479,2.85226,2.56530
21.7,2.78388,2.32479,2.85226,2.53992
21.8,2.78388,2.32479,2.85226,2.53724
21.9,2.78388,2.32479,2.85226,2.55189
22.0,2.78388,2.32479,2.85226,2.55189
22.1,2.78388,2.32479,2.85226,2.55189
22.2,2.78388,2.32479,2.85226,2.55189
22.3,2.78388,2.32479,2.85226,2.55189
22.4,2.78388,2.32479,2.85226,2.55189
22.5,2.78388,2.32479,2.85226,2.53968
22.6,2.78388,2.32479,2.85226,2.53968
22.7,2.78388,2.32479,2.85226,2.52834
22.8,2.78388,2.32479,2.85226,2.52747
22.9,2.78388,2.32479,2.85226,2.51282
23.0,3.19414,5.28205,3.23250,4.37581
23.1,3.19414,5.28205,3.23810,5.23565
23.2,3.19414,5.28205,3.25208,5.23565
23.3,3.19414,5.28205,3.24298,5.23565
23.4,3.19414,5.28205,3.24054,5.24786
23.5,3.19414,5.28205,3.25275,5.24786
23.6,3.19414,5.28205,3.25275,5.26007
23.7,3.19414,5.28205,3.25275,5.26007
23.8,3.19414,5.28205,3.25275,5.27228
23.9,3.19414,5.28205,3.25275,5.27228
24.0,3.19414,5.28205,3.25275,5.27252
24.1,3.19414,5.28205,3.25275,5.28449
24.2,3.19414,5.28205,3.25275,5.29271
24.3,3.19414,5.28205,3.25275,5.29670
24.4,3.19414,5.28205,3.25275,5.30879
24.5,3.19414,5.28205,3.25275,5.30891
24.6,3.19414,5.28205,3.25031,5.32112
24.7,3.19414,5.28205,3.25275,5.32112
24.8,3.19414,5.28205,3.24951,5.33578
24.9,3.19414,5.28205,3.25008,5.33578
25.0,7.91209,1.32112,5.70992,2.07795
25.1,7.91209,1.32112,8.05128,2.22930
25.2,7.91209,1.32112,8.04297,1.53513
25.3,7.91209,1.32112,8.04640,1.50941
25.4,7.91209,1.32112,8.04640,1.49702
25.5,7.91209,1.32112,8.04151,1.49695
25.6,7.91209,1.32112,8.03175,1.49695
25.7,7.91209,1.32112,8.04396,1.48474
25.8,7.91209,1.32112,8.04101,1.48958
25.9,7.91209,1.32112,8.03809,1.48474
26.0,7.91209,1.32112,8.03663,1.48474
26.1,7.91209,1.32112,8.05114,1.48474
26.2,7.91209,1.32112,8.04649,1.48474
26.3,7.91209,1.32112,8.05128,1.48474
26.4,7.91209,1.32112,8.05128,1.48474
26.5,7.91209,1.32112,8.03175,1.48474
26.6,7.91209,1.32112,8.04640,1.48474
26.7,7.91209,1.32112,8.03419,1.48474
26.8,7.91209,1.32112,8.03419,1.48474
26.9,7.91209,1.32112,8.03419,1.48474
27.0,6.44689,2.95726,7.06989,2.79295
27.1,6.44689,2.95726,6.91996,2.87814
27.2,6.44689,2.95726,6.52819,2.94237
27.3,6.44689,2.95726,6.53761,2.95482
27.4,6.44689,2.95726,6.52777,2.95482
27.5,6.44689,2.95726,6.52747,2.96679
27.6,6.44689,2.95726,6.52747,2.97517
27.7,6.44689,2.95726,6.52747,2.97924
27.8,6.44689,2.95726,6.52747,2.99145
27.9,6.44689,2.95726,6.52747,2.99145
28.0,6.44689,2.95726,6.52747,3.00341
28.1,6.44689,2.95726,6.52747,3.00366
28.2,6.44689,2.95726,6.52747,3.01790
28.3,6.44689,2.95726,6.52259,3.03053
28.4,6.44689,2.95726,6.52458,3.04311
28.5,6.44689,2.95726,6.52653,3.05495
28.6,6.44689,2.95726,6.52747,3.06716
28.7,6.44689,2.95726,6.52747,3.07937
28.8,6.44689,2.95726,6.52747,3.07937
28.9,6.44689,2.95726,6.52747,3.07937
29.0,0.74725,5.77778,2.35972,5.74587
29.1,0.74725,5.77778,0.89790,5.91997
29.2,0.74725,5.77778,0.78388,6.07807
29.3,0.74725,5.77778,0.78102,6.09280
29.4,0.74725,5.77778,0.78388,6.09280
29.5,0.74725,5.77778,0.79609,6.09280
29.6,0.74725,5.77778,0.79609,6.09035
29.7,0.74725,5.77778,0.79609,6.09280
29.8,0.74725,5.77778,0.79609,6.09280
29.9,0.74725,5.77778,0.79609,6.09280
30.0,0.74725,5.77778,0.79609,6.09280
30.1,0.74725,5.77778,0.79609,6.09280
30.2,0.74725,5.77778,0.79609,6.09280
30.3,0.74725,5.77778,0.79609,6.09280
30.4,0.74725,5.77778,0.79609,6.09280
30.5,0.74725,5.77778,0.79609,6.09280
30.6,0.74725,5.77778,0.79609,6.09280
30.7,0.74725,5.77778,0.79609,6.09280
30.8,0.74725,5.77778,0.79365,6.09280
30.9,0.74725,5.77778,0.79365,6.09280
31.0,9.49695,4.66667,8.39560,5.23565
31.1,9.49695,4.65446,9.64347,5.40048
31.2,9.49695,4.65446,9.64347,4.91331
31.3,9.49695,4.65446,9.64347,4.91331
31.4,9.49695,4.65446,9.64347,4.91331
31.5,9.49695,4.65446,9.64218,4.91331
31.6,9.49695,4.65446,9.62882,4.91331
31.7,9.49695,4.65446,9.63765,4.91331
31.8,9.49695,4.65446,9.64103,4.91331
31.9,9.49695,4.65446,9.62696,4.90110
32.0,9.49695,4.65446,9.62763,4.90643
32.1,9.49695,4.65446,9.62882,4.91241
32.2,9.49695,4.65446,9.62882,4.90517
32.3,9.49695,4.65446,9.62243,4.91331
32.4,9.49695,4.65446,9.63126,4.91331
32.5,9.49695,4.65446,9.62632,4.91331
32.6,9.49695,4.65446,9.62637,4.91331
32.7,9.49695,4.65446,9.62496,4.91331
32.8,9.49695,4.65446,9.61905,4.91331
32.9,9.49695,4.65446,9.61905,4.91087
33.0,8.78877,7.21368,9.29996,7.05850
33.1,8.78877,7.22589,9.02808,6.77271
33.2,8.78877,7.22589,8.93077,7.29315
33.3,8.78877,7.22589,8.89621,7.37889
33.4,8.78877,7.22589,8.88889,7.69437
33.5,8.78877,7.22589,8.88889,7.73097
33.6,8.78877,7.22589,8.88521,7.64431
33.7,8.78877,7.22589,8.88156,7.56051
33.8,8.78877,7.22589,8.88156,7.52471
33.9,8.78877,7.22589,8.88156,7.50672
34.0,8.78877,7.22589,8.88156,7.50672
34.1,8.78877,7.22589,8.87912,7.50672
34.2,8.78877,7.22589,8.87912,7.49451
34.3,8.78877,7.22589,8.89133,7.49451
34.4,8.78877,7.22589,8.88577,7.49451
34.5,8.78877,7.22589,8.88645,7.49451
34.6,8.78877,7.22589,8.88645,7.49451
34.7,8.78877,7.22589,8.88645,7.49451
34.8,8.78877,7.22589,8.88645,7.48230
34.9,8.78877,7.22589,8.88645,7.48230
35.0,8.78877,4.34921,8.88645,4.85684
35.1,8.78877,4.34921,8.88181,5.20802
35.2,8.78877,4.34921,8.88354,4.56693
35.3,8.78877,4.34921,8.88551,4.50061
35.4,8.78877,4.34921,8.88645,4.50061
35.5,8.78877,4.34921,8.88645,4.50061
35.6,8.78877,4.34921,8.88645,4.50061
35.7,8.78877,4.34921,8.88645,4.50061
35.8,8.78877,4.34921,8.89255,4.50061
35.9,8.78877,4.34921,8.88400,4.50061
36.0,8.78877,4.34921,8.88424,4.50061
36.1,8.78877,4.34921,8.89353,4.50061
36.2,8.78877,4.34921,8.88400,4.50061
36.3,8.78877,4.34921,8.88196,4.50061
36.4,8.78877,4.34921,8.88395,4.50061
36.5,8.78877,4.34921,8.88400,4.50061
36.6,8.78877,4.34921,8.88400,4.50061
36.7,8.78877,4.34921,8.88400,4.50061
36.8,8.78877,4.34921,8.89222,4.50061
36.9,8.78877,4.34921,8.89377,4.50061
37.0,5.91209,6.60806,6.71301,6.51350
37.1,5.91209,6.60806,6.24451,6.58546
37.2,5.91209,6.60806,5.97106,6.63980
37.3,5.91209,6.60806,5.97070,6.64600
37.4,5.91209,6.60806,5.97070,6.65201
37.5,5.91209,6.60806,5.97070,6.66422
37.6,5.91209,6.60806,5.97070,6.67598
37.7,5.91209,6.60806,5.97802,6.68024
37.8,5.91209,6.60806,5.97802,6.68864
37.9,5.91209,6.60806,5.97802,6.70301
38.0,5.91209,6.60806,5.97802,6.70330
38.1,5.91209,6.60806,5.97802,6.71525
38.2,5.91209,6.60806,5.97802,6.71551
38.3,5.91209,6.60806,5.97802,6.71551
38.4,5.91209,6.60806,5.97802,6.72698
38.5,5.91209,6.60806,5.97827,6.72772
38.6,5.91209,6.60806,5.98422,6.72772
38.7,5.91209,6.60806,5.99017,6.72772
38.8,5.91209,6.60806,5.98689,6.73993
38.9,5.91209,6.60806,5.99000,6.73993
39.0,8.23199,8.06349,8.23571,7.84365
39.1,8.23199,8.06349,8.35653,7.69841
39.2,8.23199,8.06349,8.35653,8.02198
39.3,8.23199,8.06349,8.34432,8.02198
39.4,8.23199,8.06349,8.34432,8.03663
39.5,8.23199,8.06349,8.34432,8.04884
39.6,8.23199,8.06349,8.34432,8.06105
39.7,8.23199,8.06349,8.34432,8.07722
39.8,8.23199,8.06349,8.34432,8.09615
39.9,8.23199,8.06349,8.34432,8.10977
40.0,8.23199,8.06349,8.34432,8.12083
40.1,8.23199,8.06349,8.34965,8.13431
40.2,8.23199,8.06349,8.34448,8.15629
40.3,8.23199,8.06349,8.34432,8.17094
40.4,8.23199,8.06349,8.35147,8.18315
40.5,8.23199,8.06349,8.34921,8.19190
40.6,8.23199,8.06349,8.34921,8.20757
40.7,8.23199,8.06349,8.34921,8.21978
40.8,8.23199,8.06349,8.34921,8.23851
40.9,8.23199,8.06349,8.34921,8.24220
41.0,2.26129,6.58364,4.64077,8.26945
41.1,2.26129,6.58364,2.59723,7.22148
41.2,2.26129,6.58364,2.48965,7.14812
41.3,2.26129,6.58364,2.30769,6.87399
41.4,2.26129,6.58364,2.30786,6.75914
41.5,2.26129,6.58364,2.32220,6.73748
41.6,2.26129,6.58364,2.31013,6.73748
41.7,2.26129,6.58364,2.31038,6.73748
41.8,2.26129,6.58364,2.32134,6.73748
41.9,2.26129,6.58364,2.30979,6.73748
42.0,2.26129,6.58364,2.32479,6.73748
42.1,2.26129,6.58364,2.31575,6.73748
42.2,2.26129,6.58364,2.31502,6.73748
42.3,2.26129,6.58364,2.31502,6.73748
42.4,2.26129,6.58364,2.31502,6.73748
42.5,2.26129,6.58364,2.31873,6.73748
42.6,2.26129,6.58364,2.32215,6.73748
42.7,2.26129,6.58364,2.32234,6.73748
42.8,2.26129,6.58364,2.32234,6.73748
42.9,2.26129,6.58364,2.31313,6.73748
43.0,4.33455,2.40147,4.35956,3.20076
43.1,4.33455,2.39805,4.44444,2.61837
43.2,4.33455,2.39805,4.44444,2.57875
43.3,4.33455,2.39805,4.44444,2.55433
43.4,4.33455,2.39805,4.44444,2.55433
43.5,4.33455,2.39805,4.44444,2.55433
43.6,4.33455,2.39805,4.43956,2.55433
43.7,4.33455,2.39805,4.43956,2.55433
43.8,4.33455,2.39805,4.43956,2.55433
43.9,4.33455,2.39805,4.43956,2.55433
44.0,4.33455,2.39805,4.43956,2.55433
44.1,4.33455,2.39805,4.43956,2.55433
44.2,4.33455,2.39805,4.42979,2.55433
44.3,4.33455,2.39805,4.42979,2.55441
44.4,4.33455,2.39805,4.42979,2.56168
44.5,4.33455,2.39805,4.43223,2.56123
44.6,4.33455,2.39805,4.43223,2.56649
44.7,4.33455,2.41026,4.42979,2.55457
44.8,4.33455,2.41026,4.42979,2.55512
44.9,4.33455,2.39805,4.42979,2.34676
45.0,5.01587,1.83191,4.93758,2.13129
45.1,5.01587,1.63126,4.88313,1.88568
45.2,5.01587,1.63126,5.10867,1.81929
45.3,5.01587,1.63126,5.10134,1.81929
45.4,5.01587,1.63126,5.09973,1.80708
45.5,5.01587,1.63126,5.10265,1.80708
45.6,5.01587,1.63126,5.11093,1.79487
45.7,5.01587,1.63126,5.11111,1.79487
45.8,5.01587,1.63126,5.11111,1.79487
45.9,5.01587,1.63126,5.11111,1.79487
46.0,5.01587,1.63126,5.11111,1.79487
46.1,5.01587,1.63126,5.10886,1.79487
46.2,5.01587,1.63126,5.11355,1.79487
46.3,5.01587,1.63126,5.11355,1.79487
46.4,5.01587,1.63126,5.10623,1.79487
46.5,5.01587,1.63126,5.10619,1.79487
46.6,5.01587,1.63126,5.10623,1.79487
46.7,5.01587,1.63126,5.11595,1.79487
46.8,5.01587,1.63126,5.11355,1.79487
46.9,5.01587,1.63126,4.03766,1.79487
47.0,2.39004,5.38941,3.21581,5.34268
47.1,2.12210,5.77289,2.23741,5.91264
47.2,2.12210,5.77289,2.17604,6.13187
47.3,2.12210,5.77289,2.17582,6.13187
47.4,2.12210,5.77289,2.17582,6.13187
47.5,2.12210,5.77289,2.17582,6.13187
47.6,2.12210,5.77289,2.17582,6.13187
47.7,2.12210,5.77289,2.17582,6.12943
47.8,2.12210,5.77289,2.17582,6.12943
47.9,2.12210,5.77289,2.18559,6.12938
48.0,2.12210,5.77289,2.18240,6.12679
48.1,2.12210,5.77289,2.18071,6.11722
48.2,2.12210,5.77289,2.18071,6.11722
48.3,2.12210,5.77289,2.18071,6.11722
48.4,2.12210,5.77289,2.18071,6.11722
48.5,2.12210,5.77289,2.18071,6.11722
48.6,2.12210,5.77289,2.18071,6.11722
48.7,2.12210,5.77289,2.18071,6.11722
48.8,2.12210,5.77289,2.18071,6.11722
48.9,2.12210,5.77289,2.18071,6.11722
49.0,7.99023,2.78388,7.28035,3.55649
49.1,7.99023,2.78388,8.10256,3.53477
49.2,7.99023,2.78388,8.10099,2.97680
49.3,7.99023,2.78388,8.11206,2.97067
49.4,7.99023,2.78388,8.11233,2.96477
49.5,7.99023,2.78388,8.11233,2.95238
49.6,7.99023,2.78388,8.11233,2.95482
49.7,7.99023,2.78388,8.11233,2.95482
49.8,7.99023,2.78388,8.11233,2.96676
49.9,7.99023,2.78388,8.11233,2.95758
50.0,7.99023,2.78388,8.09280,2.95482
50.1,7.99023,2.78388,8.09768,2.95482
50.2,7.99023,2.78388,8.10989,2.95482
50.3,7.99023,2.78388,8.09380,2.95482
50.4,7.99023,2.78388,8.09768,2.95482
50.5,7.99023,2.78388,8.09816,2.95482
50.6,7.99023,2.78388,8.09768,2.95482
50.7,7.99023,2.78388,8.09768,2.95482
50.8,7.99023,2.78388,8.09768,2.95482
50.9,7.99023,2.78388,8.09768,2.95482
51.0,7.99023,9.13309,8.11111,8.65621
51.1,7.99023,9.13309,8.09492,8.08362
51.2,7.99023,9.13309,8.06349,9.10094
51.3,7.99023,9.13309,8.06349,9.11111
51.4,7.99023,9.13309,8.06349,9.11111
51.5,7.99023,9.13309,8.07570,9.12332
51.6,7.99023,9.13309,8.07570,9.12332
51.7,7.99023,9.13309,8.07570,9.13472
51.8,7.99023,9.13309,8.07570,9.13553
51.9,7.99023,9.13309,8.07326,9.13553
52.0,7.99023,9.13309,8.07326,9.15140
52.1,7.99023,9.13309,8.07326,9.15751
52.2,7.99023,9.13309,8.07620,9.15751
52.3,7.99023,9.13309,8.07570,9.16972
52.4,7.99023,9.13309,8.07570,9.18193
52.5,7.99023,9.13309,8.07570,9.18193
52.6,7.99023,9.13309,8.08791,9.19414
52.7,7.99023,9.13309,8.08059,9.20635
52.8,7.99023,9.13309,8.08053,9.20635
52.9,7.99023,9.14530,8.08059,9.21856
53.0,4.87179,7.09158,6.29695,8.38363
53.1,4.87179,7.09158,5.22752,8.03455
53.2,4.87179,7.09158,5.05495,7.57006
53.3,4.87179,7.09158,5.00446,7.53738
53.4,4.87179,7.09158,4.94194,7.42153
53.5,4.87179,7.09158,4.95238,7.27228
53.6,4.87179,7.09158,4.95238,7.24335
53.7,4.87179,7.09158,4.94482,7.23565
53.8,4.87179,7.09158,4.95227,7.23565
53.9,4.87179,7.09158,4.95238,7.23565
54.0,4.87179,7.09158,4.95238,7.23565
54.1,4.87179,7.09158,4.94578,7.23565
54.2,4.87179,7.09158,4.94505,7.23565
54.3,4.87179,7.09158,4.94324,7.22955
54.4,4.87179,7.09158,4.94261,7.23565
54.5,4.87179,7.09158,4.95238,7.23565
54.6,4.87179,7.09158,4.94587,7.23565
54.7,4.87179,7.09158,4.94261,7.23565
54.8,4.87179,7.09158,4.94994,7.23565
54.9,4.87179,7.09158,4.94028,7.23565
55.0,2.78877,6.31990,3.80602,7.30506
55.1,2.78877,6.31990,3.10603,6.92348
55.2,2.78877,6.31990,3.01763,6.83727
55.3,2.78877,6.31990,2.89567,6.76938
55.4,2.78877,6.31990,2.87668,6.75178
55.5,2.78877,6.31990,2.86839,6.64313
55.6,2.78877,6.31990,2.86691,6.62487
55.7,2.78877,6.31990,2.86691,6.58833
55.8,2.78877,6.31990,2.86713,6.58608
55.9,2.78877,6.31990,2.87157,6.58608
56.0,2.78877,6.31990,2.86419,6.58608
56.1,2.78877,6.31990,2.86831,6.58608
56.2,2.78877,6.31990,2.86775,6.58608
56.3,2.78877,6.31990,2.86460,6.58608
56.4,2.78877,6.31990,2.86433,6.58608
56.5,2.78877,6.31990,2.86396,6.57387
56.6,2.78877,6.31990,2.86447,6.56166
56.7,2.78877,6.31990,2.86447,6.56166
56.8,2.78877,6.31990,2.86447,6.56166
56.9,2.78877,6.31990,2.86447,6.56166
57.0,3.10867,3.26984,3.14398,3.90889
57.1,3.10867,3.25763,3.16551,3.45384
57.2,3.10867,3.25763,3.16728,3.44622
57.3,3.10867,3.25763,3.16728,3.39683
57.4,3.10867,3.25763,3.16526,3.38507
57.5,3.10867,3.25763,3.16643,3.38462
57.6,3.10867,3.26984,3.18084,3.38462
57.7,3.10867,3.25763,3.16967,3.38462
57.8,3.10867,3.25763,3.17207,3.38462
57.9,3.10867,3.25763,3.16728,3.37541
58.0,3.10867,3.25763,3.17949,3.37241
58.1,3.10867,3.25763,3.17949,3.37241
58.2,3.10867,3.25763,3.18071,3.37241
58.3,3.10867,3.25763,3.16972,3.37241
58.4,3.10867,3.26984,3.17576,3.37241
58.5,3.10867,3.26984,3.17007,3.37241
58.6,3.10867,3.25763,3.17495,3.37241
58.7,3.10867,3.25763,3.17214,3.37241
58.8,3.10867,3.25874,3.17216,3.37241
58.9,3.10867,3.25763,3.17216,3.38109
59.0,5.21368,6.87912,4.58404,6.68236
59.1,5.21368,6.87912,5.29895,6.83761
59.2,5.21368,6.87912,5.29810,6.84982
59.3,5.21368,6.87912,5.29910,6.87382
59.4,5.21368,6.87912,5.29915,6.88645
59.5,5.21368,6.87912,5.29915,6.90110
59.6,5.21368,6.87912,5.29544,6.92720
59.7,5.21368,6.87912,5.29182,6.92796
59.8,5.21368,6.87912,5.29182,6.94496
59.9,5.21368,6.87912,5.29182,6.95726
60.0,5.21368,6.87912,5.29182,6.96947
60.1,5.21368,6.87912,5.29182,6.99296
60.2,5.21368,6.87912,5.29182,6.99389
60.3,5.21368,6.87912,5.29182,7.00611
60.4,5.21368,6.87912,5.29182,7.01832
60.5,5.21368,6.87912,5.29182,7.03040
60.6,5.21368,6.87912,5.29182,7.04493
60.7,5.21368,6.87912,5.29182,7.05678
60.8,5.21368,6.87912,5.29182,7.06346
60.9,5.21368,6.87912,5.29182,7.06936
61.0,5.08669,3.05006,5.29182,3.77717
61.1,5.08669,3.05006,5.28835,3.28698
61.2,5.08669,3.05006,5.29984,3.27228
61.3,5.08669,3.05006,5.29915,3.26007
61.4,5.08669,3.05006,5.29756,3.26007
61.5,5.08669,3.05006,5.29670,3.26007
61.6,5.08669,3.05006,5.29670,3.26007
61.7,5.08669,3.05006,5.28205,3.26007
61.8,5.08669,3.05006,5.28638,3.26007
61.9,5.08669,3.05006,5.29110,3.26007
62.0,5.08669,3.05006,5.28710,3.26007
62.1,5.08669,3.05006,5.28694,3.26007
62.2,5.08669,3.05006,5.27598,3.27228
62.3,5.08669,3.05006,5.28449,3.26032
62.4,5.08669,3.05006,5.27124,3.26553
62.5,5.08669,3.05006,5.26984,3.26013
62.6,5.08669,3.05006,5.28547,3.27228
62.7,5.08669,3.05006,5.28644,3.26007
62.8,5.08669,3.05006,5.27717,3.26252
62.9,5.08669,3.05006,5.27717,3.26252
63.0,3.07204,5.94383,3.92842,5.90596
63.1,3.07204,5.94383,3.25128,6.00295
63.2,3.07204,5.94383,3.15660,6.16117
63.3,3.07204,5.94383,3.15018,6.25885
63.4,3.07204,5.94383,3.14600,6.27106
63.5,3.07204,5.94383,3.13797,6.27106
63.6,3.07204,5.94383,3.15018,6.28571
63.7,3.07204,5.94383,3.14038,6.28571
63.8,3.07204,5.94383,3.13934,6.28571
63.9,3.07204,5.94383,3.14042,6.29194
64.0,3.07204,5.94383,3.14042,6.29792
64.1,3.07204,5.94383,3.14042,6.29792
64.2,3.07204,5.94383,3.14042,6.29792
64.3,3.07204,5.94383,3.14042,6.29792
64.4,3.07204,5.94383,3.14042,6.29792
64.5,3.07204,5.94383,3.13797,6.29792
64.6,3.07204,5.94383,3.13797,6.29792
64.7,3.07204,5.94383,3.13797,6.29792
64.8,3.07204,5.94383,3.14042,6.29792
64.9,3.07204,5.94383,3.14042,6.29792
65.0,5.56288,8.53724,5.40464,8.37118
65.1,5.56288,8.53724,5.51387,8.48596
65.2,5.56288,8.53724,5.64347,8.49817
65.3,5.56288,8.53724,5.64347,8.51038
65.4,5.56288,8.53724,5.64347,8.52259
65.5,5.56288,8.53724,5.64347,8.53550
65.6,5.56288,8.53724,5.64347,8.54701
65.7,5.56288,8.53724,5.64347,8.56235
65.8,5.56288,8.53724,5.64347,8.58608
65.9,5.56288,8.53724,5.64347,8.59829
66.0,5.56288,8.53724,5.64347,8.61050
66.1,5.56288,8.53724,5.64347,8.62271
66.2,5.56288,8.53724,5.64347,8.63492
66.3,5.56288,8.53724,5.64347,8.64786
66.4,5.56288,8.53724,5.64347,8.65934
66.5,5.56288,8.53724,5.64347,8.67228
66.6,5.56288,8.53724,5.64347,8.68153
66.7,5.56288,8.53724,5.64347,8.69122
66.8,5.56288,8.53724,5.64347,8.70818
66.9,5.56288,8.53724,5.64347,8.70818
67.0,2.82784,6.02686,4.21151,7.29242
67.1,2.82784,6.02686,3.71429,7.28081
67.2,2.82784,6.02686,3.21612,6.49632
67.3,2.82784,6.02686,2.93773,6.43468
67.4,2.82784,6.02686,2.91399,6.43468
67.5,2.82784,6.02686,2.89563,6.25397
67.6,2.82784,6.02686,2.88894,6.18040
67.7,2.82784,6.02686,2.89133,6.16927
67.8,2.82784,6.02686,2.89629,6.16361
67.9,2.82784,6.02686,2.90110,6.16361
68.0,2.82784,6.02686,2.90110,6.16361
68.1,2.82784,6.01465,2.90110,6.16361
68.2,2.82784,6.01465,2.90110,6.16361
68.3,2.82784,6.01465,2.88889,6.16361
68.4,2.82784,6.01465,2.88901,6.16361
68.5,2.82784,6.01465,2.89613,6.16361
68.6,2.82784,6.01465,2.88917,6.16361
68.7,2.82784,6.01465,2.88889,6.16361
68.8,2.82784,6.01465,2.88889,6.16361
68.9,2.82784,6.01465,2.88889,6.16361
69.0,2.82784,6.65690,2.88889,6.37253
69.1,2.82784,6.65690,2.87166,6.53990
69.2,2.82784,6.65690,2.86935,6.60600
69.3,2.82784,6.65690,2.86935,6.61783
69.4,2.82784,6.65690,2.86935,6.61783
69.5,2.82784,6.65690,2.86935,6.62437
69.6,2.82784,6.65690,2.86935,6.63004
69.7,2.82784,6.65690,2.88400,6.64123
69.8,2.82784,6.65690,2.88400,6.64216
69.9,2.82784,6.65690,2.88400,6.65446
70.0,2.82784,6.65690,2.88400,6.65446
70.1,2.82784,6.65690,2.88400,6.66606
70.2,2.82784,6.65690,2.88400,6.67489
70.3,2.82784,6.65690,2.88411,6.67888
70.4,2.82784,6.65690,2.89866,6.68793
70.5,2.82784,6.65690,2.88671,6.69109
70.6,2.82784,6.65690,2.88653,6.70348
70.7,2.82784,6.65690,2.89133,6.71551
70.8,2.82784,6.65690,2.89133,6.72359
70.9,2.82784,6.65690,2.89133,6.72772
71.0,5.32357,4.34921,5.29182,5.63071
71.1,5.32357,4.34921,5.35986,4.74032
71.2,5.32357,4.34921,5.42857,4.53480
71.3,5.32357,4.34921,5.42857,4.53480
71.4,5.32357,4.34921,5.42264,4.53480
71.5,5.32357,4.34921,5.43331,4.53480
71.6,5.32357,4.34921,5.42130,4.53480
71.7,5.32357,4.34921,5.42125,4.53480
71.8,5.32357,4.34921,5.42125,4.53480
71.9,5.32357,4.34921,5.42125,4.53480
72.0,5.32357,4.34921,5.42125,4.52503
72.1,5.32357,4.34921,5.41070,4.52503
72.2,5.32357,4.34921,5.41392,4.52503
72.3,5.32357,4.34921,5.41392,4.52503
72.4,5.32357,4.34921,5.41392,4.52503
72.5,5.32357,4.34921,5.41392,4.52503
72.6,5.32357,4.34921,5.41392,4.52503
72.7,5.32357,4.34921,5.41392,4.52503
72.8,5.32357,4.34921,5.41392,4.52503
72.9,5.32357,4.34921,5.41392,4.53618
73.0,8.14164,1.52137,7.97517,2.23131
73.1,8.14164,1.52137,8.11729,1.83069
73.2,8.14164,1.52137,8.21167,1.72047
73.3,8.13999,1.52137,8.25885,1.70208
73.4,8.14164,1.52137,8.25885,1.70208
73.5,8.14164,1.52137,8.25885,1.70208
73.6,8.14164,1.52137,8.25885,1.68987
73.7,8.14164,1.52137,8.25799,1.68987
73.8,8.14164,1.52137,8.25641,1.68987
73.9,8.14164,1.52137,8.25762,1.68987
74.0,8.14164,1.52137,8.25883,1.68987
74.1,8.14164,1.52137,8.25885,1.68987
74.2,8.14164,1.52137,8.26174,1.68987
74.3,8.14164,1.52137,8.25153,1.68987
74.4,8.14164,1.52137,8.26310,1.68987
74.5,8.14164,1.52137,8.25397,1.68987
74.6,8.14164,1.52137,8.25397,1.68987
74.7,8.12943,1.52137,8.25314,1.68987
74.8,8.12943,1.52137,8.25397,1.68987
74.9,8.14164,1.52137,8.59797,1.68987
75.0,8.98413,3.33578,9.03384,3.12923
75.1,8.98413,3.33578,9.08913,3.28449
75.2,8.98413,3.33578,9.08913,3.28449
75.3,8.98413,3.33578,9.08913,3.29670
75.4,8.98413,3.33578,9.08913,3.29670
75.5,8.98413,3.33578,9.07692,3.31136
75.6,8.98413,3.33578,9.07692,3.32601
75.7,8.98413,3.33578,9.07692,3.33822
75.8,8.98413,3.33578,9.07692,3.33822
75.9,8.98413,3.33578,9.07692,3.35043
76.0,8.98413,3.33578,9.07692,3.36264
76.1,8.98413,3.33578,9.07692,3.37531
76.2,8.98413,3.33578,9.07692,3.38973
76.3,8.98413,3.33578,9.07692,3.40433
76.4,8.98413,3.33578,9.07692,3.42187
76.5,8.98413,3.33578,9.07692,3.42613
76.6,8.98413,3.33578,9.07692,3.43834
76.7,8.98413,3.33578,9.07692,3.45055
76.8,8.98413,3.33578,9.07692,3.45055
76.9,8.98413,3.33578,9.07692,3.45055
77.0,6.14652,8.76923,7.69442,8.47700
77.1,6.14652,8.76923,6.29700,8.81682
77.2,6.14652,8.76923,6.20513,8.96899
77.3,6.14652,8.76923,6.20513,9.03616
77.4,6.14652,8.76923,6.21405,9.03785
77.5,6.14652,8.76923,6.21490,9.03785
77.6,6.14652,8.76923,6.21490,9.03785
77.7,6.14652,8.76923,6.21490,9.03785
77.8,6.14652,8.76923,6.21734,9.03785
77.9,6.14652,8.76923,6.23199,9.03785
78.0,6.14652,8.76923,6.21734,9.03785
78.1,6.14652,8.76923,6.23199,9.03785
78.2,6.14652,8.76923,6.21990,9.03785
78.3,6.14652,8.76923,6.22222,9.03785
78.4,6.14652,8.76923,6.21612,9.03785
78.5,6.14652,8.76923,6.22013,9.03785
78.6,6.14652,8.76923,6.21978,9.03785
78.7,6.14652,8.76923,6.21978,9.03785
78.8,6.14652,8.76923,6.21978,9.03785
78.9,6.14652,8.76923,6.21978,9.03785
79.0,6.14652,7.24298,6.22726,7.72811
79.1,6.14652,7.24298,6.22948,7.76162
79.2,6.14652,7.24298,6.22722,7.43076
79.3,6.14652,7.24298,6.22955,7.41880
79.4,6.14652,7.24298,6.22955,7.41880
79.5,6.14652,7.24298,6.22955,7.40659
79.6,6.14652,7.24298,6.23162,7.40659
79.7,6.14652,7.24298,6.22725,7.40659
79.8,6.14652,7.24298,6.22955,7.40659
79.9,6.14652,7.24298,6.22955,7.40659
80.0,6.14652,7.24298,6.23574,7.40659
80.1,6.14652,7.24298,6.24176,7.40659
80.2,6.14652,7.24298,6.23443,7.40659
80.3,6.14652,7.24298,6.23443,7.40659
80.4,6.14652,7.24298,6.23443,7.40659
80.5,6.14652,7.24298,6.23443,7.40659
80.6,6.14652,7.24298,6.23443,7.40659
80.7,6.14652,7.24298,6.23443,7.40659
80.8,6.14652,7.24298,6.23443,7.40659
80.9,6.14652,7.24298,6.23443,7.40659
81.0,8.43468,8.31502,8.26597,8.02842
81.1,8.43468,8.31502,8.54212,8.23097
81.2,8.43468,8.31502,8.54212,8.23912
81.3,8.43468,8.31502,8.53118,8.27106
81.4,8.43468,8.31502,8.54457,8.28327
81.5,8.44689,8.31502,8.53231,8.29548
81.6,8.44689,8.31502,8.52991,8.31380
81.7,8.44689,8.31502,8.54428,8.33211
81.8,8.44689,8.31502,8.53717,8.35498
81.9,8.44689,8.31502,8.52991,8.36874
82.0,8.44689,8.31502,8.52991,8.38545
82.1,8.44689,8.31502,8.53236,8.40537
82.2,8.44689,8.31502,8.53236,8.41770
82.3,8.44689,8.31502,8.53236,8.43004
82.4,8.44689,8.31502,8.53236,8.45446
82.5,8.44689,8.31502,8.53114,8.46668
82.6,8.44689,8.31502,8.53480,8.49084
82.7,8.44689,8.31502,8.53724,8.50549
82.8,8.44689,8.31502,8.53362,8.50600
82.9,8.44689,8.31502,8.53367,8.52869
83.0,7.26740,8.31502,7.96686,8.90563
83.1,7.26740,8.31502,7.61954,9.03424
83.2,7.26740,8.31502,7.52137,8.92308
83.3,7.26740,8.31502,7.48257,8.90028
83.4,7.26740,8.31502,7.44437,8.84407
83.5,7.26740,8.31502,7.42120,8.81563
83.6,7.26740,8.31502,7.38960,8.81563
83.7,7.26740,8.31502,7.37963,8.81563
83.8,7.26740,8.31502,7.37241,8.81563
83.9,7.26740,8.31502,7.36020,8.79121
84.0,7.26740,8.31502,7.35653,8.77504
84.1,7.26740,8.31502,7.35287,8.64100
84.2,7.26740,8.31502,7.35317,8.57437
84.3,7.26740,8.31502,7.35287,8.54945
84.4,7.26740,8.31502,7.35287,8.54945
84.5,7.26740,8.31502,7.35287,8.54945
84.6,7.26740,8.31502,7.35531,8.54945
84.7,7.26740,8.31502,7.35287,8.54945
84.8,7.26740,8.31502,7.35531,8.54945
84.9,7.26740,8.31502,7.35531,8.54945
85.0,0.45177,0.94750,4.02188,8.47565
85.1,0.45177,0.94750,0.85958,2.02198
85.2,0.45177,0.94750,0.65256,3.36460
85.3,0.45177,0.94750,0.56807,1.24828
85.4,0.45177,0.94750,0.49084,1.09378
85.5,0.45177,0.94750,0.50061,1.06960
85.6,0.45177,0.94750,0.50061,1.06960
85.7,0.45177,0.94750,0.50061,1.06960
85.8,0.45177,0.94750,0.50061,1.06960
85.9,0.45177,0.94750,0.50061,1.06960
86.0,0.45177,0.94750,0.50061,1.06960
86.1,0.45177,0.94750,0.49821,1.06960
86.2,0.45177,0.94750,0.50061,1.06960
86.3,0.45177,0.94750,0.50061,1.06960
86.4,0.45177,0.94750,0.50878,1.06960
86.5,0.45177,0.94750,0.51000,1.06960
86.6,0.45177,0.94750,0.50061,1.06960
86.7,0.45177,0.94750,0.50061,1.06960
86.8,0.45177,0.94750,0.50061,1.06960
86.9,0.45177,0.94750,0.50061,1.06960
87.0,9.27228,8.23932,4.48216,5.90895
87.1,9.27228,8.23932,9.39683,8.12386
87.2,9.27228,8.23932,9.39683,8.25153
87.3,9.27228,8.23932,9.39683,8.28950
87.4,9.27228,8.23932,9.38462,8.33015
87.5,9.27228,8.23932,9.38462,8.38985
87.6,9.27228,8.23932,9.37834,8.45321
87.7,9.27228,8.23932,9.38462,8.51625
87.8,9.27228,8.23932,9.36996,8.57410
87.9,9.27228,8.23932,9.36996,8.58608
88.0,9.27228,8.23932,9.36996,8.58608
88.1,9.27228,8.23932,9.36996,8.58608
88.2,9.27228,8.23932,9.36996,8.58608
88.3,9.27228,8.23932,9.36996,8.58608
88.4,9.27228,8.23932,9.36996,8.58608
88.5,9.27228,8.23932,9.36996,8.58608
88.6,9.27228,8.23932,9.36996,8.58608
88.7,9.27228,8.23932,9.36996,8.58608
88.8,9.27228,8.23932,9.36996,8.58608
88.9,9.27228,8.23932,9.36996,8.58608
89.0,6.48840,1.97802,7.87201,7.21226
89.1,6.48840,1.97802,6.83028,2.54457
89.2,6.48840,1.97802,6.64225,2.41958
89.3,6.48840,1.97802,6.61736,2.38584
89.4,6.48840,1.97802,6.55922,2.21630
89.5,6.48840,1.97802,6.55922,2.13306
89.6,6.48840,1.97802,6.56166,2.10959
89.7,6.48840,1.97802,6.56166,2.09280
89.8,6.48840,1.97802,6.56659,2.09280
89.9,6.48840,1.97802,6.57148,2.09280
90.0,6.48840,1.97802,6.57143,2.09280
90.1,6.48840,1.97802,6.55922,2.09280
90.2,6.48840,1.97802,6.57614,2.09280
90.3,6.48840,1.97802,6.57875,2.09280
90.4,6.48840,1.97802,6.57631,2.09280
90.5,6.48840,1.97802,6.57510,2.09280
90.6,6.48840,1.97802,6.57391,2.09280
90.7,6.48840,1.97802,6.57387,2.09280
90.8,6.48840,1.97802,6.57387,2.09280
90.9,6.48840,1.97802,6.57631,2.09280
91.0,4.03907,1.08181,5.15286,2.08828
91.1,4.03907,1.08181,4.35428,1.68819
91.2,4.03907,1.08181,4.24518,1.56787
91.3,4.03907,1.08181,4.13493,1.45112
91.4,4.03907,1.08181,4.09524,1.33437
91.5,4.03907,1.08181,4.09524,1.24907
91.6,4.03907,1.08181,4.09524,1.21258
91.7,4.03907,1.08181,4.10612,1.18732
91.8,4.03907,1.08181,4.10501,1.18681
91.9,4.03907,1.08181,4.10256,1.18681
92.0,4.03907,1.08181,4.10131,1.18681
92.1,4.03907,1.08181,4.10012,1.18681
92.2,4.03907,1.08181,4.10012,1.18681
92.3,4.03907,1.08181,4.10012,1.19292
92.4,4.03907,1.08181,4.11219,1.19902
92.5,4.03907,1.08181,4.10501,1.19902
92.6,4.03907,1.08181,4.10501,1.19902
92.7,4.03907,1.08181,4.10501,1.19902
92.8,4.03907,1.08181,4.10501,1.19902
92.9,4.03907,1.08181,4.10501,1.19902
93.0,6.86447,5.34310,6.47791,5.00909
93.1,6.86447,5.34310,6.71057,5.30891
93.2,6.86447,5.34310,6.94777,5.32112
93.3,6.86447,5.34310,6.94750,5.33333
93.4,6.86447,5.34310,6.94750,5.34080
93.5,6.86447,5.34310,6.95482,5.36047
93.6,6.86447,5.34310,6.94750,5.38217
93.7,6.86447,5.34310,6.94750,5.39463
93.8,6.86447,5.34310,6.94750,5.40708
93.9,6.86447,5.34310,6.94750,5.43101
94.0,6.86447,5.34310,6.94750,5.44347
94.1,6.86447,5.34310,6.94750,5.45548
94.2,6.86447,5.34310,6.94750,5.47009
94.3,6.86447,5.34310,6.94750,5.47745
94.4,6.86447,5.34310,6.94750,5.48474
94.5,6.86447,5.34310,6.94750,5.49695
94.6,6.86447,5.34310,6.94750,5.49695
94.7,6.86447,5.34310,6.94750,5.50916
94.8,6.86447,5.34310,6.94750,5.50916
94.9,6.86447,5.34310,6.94750,5.53358
95.0,2.99389,3.96825,4.81199,5.56500
95.1,2.99389,3.96825,3.33597,4.58696
95.2,2.99389,3.96825,3.21677,4.63098
95.3,2.99389,3.96825,3.07707,4.41095
95.4,2.99389,3.96825,3.05006,4.23319
95.5,2.99389,3.96825,3.05413,4.20430
95.6,2.99389,3.96825,3.05495,4.14896
95.7,2.99389,3.96825,3.05495,4.14896
95.8,2.99389,3.96825,3.05495,4.14896
95.9,2.99389,3.96825,3.05495,4.12744
96.0,2.99389,3.96825,3.05495,4.13900
96.1,2.99389,3.96825,3.05495,4.13431
96.2,2.99389,3.96825,3.05495,4.13431
96.3,2.99389,3.96825,3.05495,4.13431
96.4,2.99389,3.96825,3.05043,4.13431
96.5,2.99389,3.96825,3.05495,4.13431
96.6,2.99389,3.96825,3.05495,4.13431
96.7,2.99389,3.96825,3.06716,4.13431
96.8,2.99389,3.96825,3.06471,4.13431
96.9,2.99389,3.96825,3.05649,4.13431
97.0,7.57998,3.96825,7.04490,4.11966
97.1,7.57387,3.96825,5.79654,4.22766
97.2,7.57998,3.96825,7.68498,4.26129
97.3,7.57998,3.96825,7.67481,4.26129
97.4,7.57998,3.96825,7.68498,4.26129
97.5,7.57998,3.96825,7.67282,4.26129
97.6,7.57998,3.96825,7.67521,4.26129
97.7,7.57998,3.96825,7.67521,4.26129
97.8,7.57998,3.96825,7.68498,4.26129
97.9,7.57998,3.96825,7.67033,4.26129
98.0,7.57998,3.96825,7.66706,4.26129
98.1,7.57998,3.96825,7.66549,4.26129
98.2,7.57998,3.96825,7.68188,4.26129
98.3,7.57998,3.96825,7.66645,4.26129
98.4,7.57998,3.96825,7.67033,4.26129
98.5,7.57998,3.96825,7.66803,4.26129
98.6,7.57998,3.96825,7.67033,4.26129
98.7,7.57998,3.96825,7.67033,4.26129
98.8,7.57998,3.96825,7.67033,4.26129
98.9,7.57998,3.96825,7.67033,4.26129
99.0,5.60684,5.60440,6.43449,5.36790
99.1,5.60684,5.60440,5.75580,5.49305
99.2,5.60684,5.60440,5.66875,5.58672
99.3,5.60684,5.60440,5.68010,5.58730
99.4,5.60684,5.60440,5.68010,5.59344
99.5,5.60684,5.60440,5.68010,5.59951
99.6,5.60684,5.60440,5.68010,5.59951
99.7,5.60684,5.60440,5.68010,5.61172
99.8,5.60684,5.60440,5.68010,5.62214
99.9,5.60684,5.60440,5.68417,5.63614
100.0,5.60684,5.60440,5.67773,5.63614
100.1,5.60684,5.60440,5.68977,5.64858
100.2,5.60684,5.60440,5.68987,5.66056
100.3,5.60684,5.60440,5.68615,5.67277
100.4,5.60684,5.60440,5.68258,5.67277
100.5,5.60684,5.60440,5.68900,5.68287
100.6,5.60684,5.60440,5.68254,5.68522
100.7,5.60684,5.60440,5.68254,5.70940
100.8,5.60684,5.60440,5.68010,5.70940
100.9,5.60684,5.60440,5.68254,5.72161
101.0,3.88278,0.62515,4.93307,3.21800
101.1,3.88278,0.62515,4.23443,2.30192
101.2,3.88278,0.62515,4.08000,1.07620
101.3,3.88278,0.62515,4.05126,1.02808
101.4,3.88278,0.62515,4.00733,0.99145
101.5,3.88278,0.62515,3.97860,0.97924
101.6,3.88278,0.62515,3.97558,0.97924
101.7,3.88278,0.62515,3.95919,0.87424
101.8,3.88278,0.62515,3.95116,0.80098
101.9,3.88278,0.62515,3.95116,0.78877
102.0,3.88278,0.62515,3.95116,0.77411
102.1,3.88278,0.62515,3.95116,0.77411
102.2,3.88278,0.62515,3.95116,0.77411
102.3,3.88278,0.62515,3.95116,0.77411
102.4,3.88278,0.62515,3.95116,0.77411
102.5,3.88278,0.62515,3.95116,0.77411
102.6,3.88278,0.62515,3.95116,0.77411
102.7,3.88278,0.62515,3.95604,0.77411
102.8,3.88278,0.62515,3.95360,0.77411
102.9,3.88278,0.62515,3.95360,0.77411
103.0,8.07326,8.09524,6.59765,5.93630
103.1,8.07326,8.09524,8.18071,6.99649
103.2,8.07326,8.09524,8.16361,8.06838
103.3,8.07326,8.09524,8.16361,8.09524
103.4,8.07326,8.09524,8.16361,8.12471
103.5,8.07326,8.09524,8.16361,8.13211
103.6,8.07326,8.09524,8.16117,8.15621
103.7,8.07326,8.09524,8.16117,8.16850
103.8,8.07326,8.09524,8.16117,8.18059
103.9,8.07326,8.09524,8.16117,8.20513
104.0,8.07326,8.09524,8.16117,8.22955
104.1,8.07326,8.09524,8.16117,8.24045
104.2,8.07326,8.09524,8.16117,8.24176
104.3,8.07326,8.09524,8.16117,8.25397
104.4,8.07326,8.09524,8.16117,8.26227
104.5,8.07326,8.09524,8.16117,8.26618
104.6,8.07326,8.09524,8.16117,8.27839
104.7,8.07326,8.09524,8.16117,8.29060
104.8,8.07326,8.09524,8.16117,8.30281
104.9,8.07326,8.09524,8.15385,8.30281
105.0,8.07326,5.53358,8.16117,6.17530
105.1,8.07326,5.53358,8.16117,5.74043
105.2,8.07326,5.53358,8.16117,5.72555
105.3,8.07326,5.53358,8.16117,5.68987
105.4,8.07326,5.53358,8.16117,5.68987
105.5,8.07326,5.53358,8.16117,5.68987
105.6,8.07326,5.53358,8.16117,5.68987
105.7,8.07326,5.53358,8.16117,5.68987
105.8,8.07326,5.53358,8.16117,5.68987
105.9,8.07326,5.53358,8.16117,5.68987
106.0,8.07326,5.53358,8.16117,5.68987
106.1,8.07326,5.53358,8.16117,5.68173
106.2,8.07326,5.53358,8.16117,5.68432
106.3,8.07326,5.53358,8.16117,5.68987
106.4,8.07326,5.53358,8.16117,5.68987
106.5,8.07326,5.53358,8.16117,5.68987
106.6,8.07326,5.53358,8.16117,5.68987
106.7,8.07326,5.53358,8.16117,5.68987
106.8,8.07326,5.53358,8.16117,5.68987
106.9,8.07326,5.53358,8.16117,5.68987
107.0,1.55067,5.83883,3.75092,5.84371
107.1,1.55067,5.83883,1.64629,5.97314
107.2,1.55067,5.83883,1.62095,6.02459
107.3,1.55067,5.83883,1.59463,6.11477
107.4,1.55067,5.83883,1.59463,6.11477
107.5,1.55067,5.83883,1.59463,6.11477
107.6,1.55067,5.83883,1.60474,6.11477
107.7,1.55067,5.83883,1.59951,6.11477
107.8,1.55067,5.83883,1.60440,6.12137
107.9,1.55067,5.83883,1.60440,6.12454
108.0,1.55067,5.83883,1.60436,6.12454
108.1,1.55067,5.83883,1.60440,6.12454
108.2,1.55067,5.83883,1.60440,6.11233
108.3,1.55067,5.83883,1.60440,6.12454
108.4,1.55067,5.83883,1.60440,6.12454
108.5,1.55067,5.83883,1.60440,6.12454
108.6,1.55067,5.83883,1.60604,6.12454
108.7,1.55067,5.83883,1.60684,6.12454
108.8,1.55067,5.83883,1.60684,6.12454
108.9,1.55067,5.83883,1.60684,6.12454
109.0,1.84371,1.54090,1.90476,2.58793
109.1,1.84371,1.54090,1.91296,2.53968
109.2,1.84371,1.54090,1.91697,1.69719
109.3,1.84371,1.54090,1.91320,1.69719
109.4,1.84371,1.54090,1.90965,1.69719
109.5,1.84371,1.54090,1.91261,1.69719
109.6,1.84371,1.54090,1.91552,1.69719
109.7,1.84371,1.54090,1.91494,1.69719
109.8,1.84371,1.54090,1.91209,1.69719
109.9,1.84371,1.54090,1.91209,1.69569
110.0,1.84371,1.54090,1.91209,1.69719
110.1,1.84371,1.54090,1.91209,1.69719
110.2,1.84371,1.54090,1.91209,1.69719
110.3,1.84371,1.54090,1.91209,1.69719
110.4,1.84371,1.54090,1.91209,1.69719
110.5,1.84371,1.54090,1.91209,1.69719
110.6,1.84371,1.54090,1.91209,1.69719
110.7,1.84371,1.54090,1.90000,1.69719
110.8,1.84371,1.54090,1.90574,1.69719
110.9,1.84371,1.54090,1.91919,1.69719
111.0,7.43915,6.60775,5.42857,5.65983
111.1,7.47253,6.72772,7.58242,5.62327
111.2,7.47253,6.72772,7.58242,6.69597
111.3,7.47253,6.72772,7.57265,6.71971
111.4,7.47253,6.72772,7.57265,6.74505
111.5,7.47253,6.72772,7.56532,6.76797
111.6,7.47253,6.72772,7.56545,6.79389
111.7,7.47253,6.72772,7.56532,6.82713
111.8,7.47253,6.72772,7.56532,6.85012
111.9,7.47253,6.72772,7.55766,6.87172
112.0,7.47253,6.72772,7.56532,6.88400
112.1,7.47253,6.72772,7.56532,6.90842
112.2,7.47253,6.72772,7.55780,6.92063
112.3,7.47253,6.72772,7.55800,6.93264
112.4,7.47253,6.72772,7.55800,6.93284
112.5,7.47253,6.72772,7.55800,6.94505
112.6,7.47253,6.72772,7.56033,6.95726
112.7,7.47253,6.72772,7.55311,6.96337
112.8,7.47253,6.72772,7.55067,6.98168
112.9,7.47253,6.72772,7.55067,6.99389
113.0,8.38584,4.65201,8.44465,5.90728
113.1,8.38584,4.65201,8.48352,4.86399
113.2,8.38584,4.65201,8.48352,4.83180
113.3,8.38584,4.65201,8.48352,4.81563
113.4,8.38584,4.65201,8.48352,4.81563
113.5,8.38584,4.65201,8.48352,4.80342
113.6,8.38584,4.65201,8.48352,4.80665
113.7,8.38584,4.65201,8.49573,4.80342
113.8,8.38584,4.65201,8.48352,4.80342
113.9,8.38584,4.65201,8.48516,4.81539
114.0,8.38584,4.65201,8.48596,4.80741
114.1,8.38584,4.65201,8.48471,4.80342
114.2,8.38584,4.65201,8.48370,4.80342
114.3,8.38584,4.65201,8.49084,4.80342
114.4,8.38584,4.65201,8.49084,4.80342
114.5,8.38584,4.65201,8.49084,4.80342
114.6,8.38584,4.65201,8.49084,4.80342
114.7,8.38584,4.65201,8.49084,4.80955
114.8,8.38584,4.65201,8.49084,4.81563
114.9,8.38584,4.65201,8.49084,4.80342
115.0,8.38584,6.16606,8.47863,5.83826
115.1,8.38584,6.16606,8.46398,5.94641
115.2,8.38584,6.16606,8.46398,6.05777
115.3,8.38584,6.16606,8.46398,6.11233
115.4,8.38584,6.16606,8.46642,6.12454
115.5,8.38584,6.16606,8.46642,6.12454
115.6,8.38584,6.16606,8.46642,6.13675
115.7,8.38584,6.16606,8.46642,6.13675
115.8,8.38584,6.16606,8.46642,6.14896
115.9,8.38584,6.16606,8.46642,6.14896
116.0,8.38584,6.16606,8.46617,6.14896
116.1,8.38584,6.16606,8.46886,6.16117
116.2,8.38584,6.16606,8.46886,6.17338
116.3,8.38584,6.16606,8.46886,6.17338
116.4,8.38584,6.16606,8.46886,6.18559
116.5,8.38584,6.16606,8.46886,6.18559
116.6,8.38584,6.16606,8.47361,6.18559
116.7,8.38584,6.16606,8.48051,6.19780
116.8,8.38584,6.16606,8.48321,6.21001
116.9,8.38584,6.16606,7.25641,6.21747
117.0,4.97894,6.16606,6.06534,6.58090
117.1,4.97436,6.16606,5.23335,6.91874
117.2,4.97436,6.16606,5.12248,6.76331
117.3,4.97436,6.16606,5.06453,6.63613
117.4,4.97436,6.16606,5.03785,6.50919
117.5,4.97436,6.16606,5.04140,6.43495
117.6,4.97436,6.16606,5.04372,6.41335
117.7,4.97436,6.16606,5.04469,6.39072
117.8,4.97436,6.16606,5.04518,6.39072
117.9,4.97436,6.16606,5.05016,6.39072
118.0,4.97436,6.16606,5.05495,6.39072
118.1,4.97436,6.16606,5.05250,6.39072
118.2,4.97436,6.16606,5.04029,6.39072
118.3,4.97436,6.16606,5.04269,6.39072
118.4,4.97436,6.16606,5.04518,6.39072
118.5,4.97436,6.16606,5.04518,6.39072
118.6,4.97436,6.16606,5.04518,6.39072
118.7,4.97436,6.16606,5.04542,6.39072
118.8,4.97436,6.16606,5.05498,6.39072
118.9,4.97436,6.16606,5.04518,6.39072
119.0,3.38950,1.67521,4.45580,3.43232
119.1,3.38950,1.67521,3.76876,2.20939
119.2,3.38950,1.67521,3.61963,2.14408
119.3,3.38950,1.67521,3.57650,2.07814
119.4,3.38950,1.67521,3.51380,2.07814
119.5,3.38950,1.67521,3.49046,2.05298
119.6,3.38950,1.67521,3.46711,2.04081
119.7,3.38950,1.67521,3.45788,1.94484
119.8,3.38950,1.67521,3.46831,1.84593
119.9,3.38950,1.67521,3.45543,1.83394
120.0,3.38950,1.67521,3.46739,1.83394
120.1,3.38950,1.67521,3.45543,1.83394
120.2,3.38950,1.67521,3.45543,1.83394
120.3,3.38950,1.67521,3.45543,1.83394
120.4,3.38950,1.67521,3.45543,1.83394
120.5,3.38950,1.67521,3.45788,1.83394
120.6,3.38950,1.67521,3.45788,1.83394
120.7,3.38950,1.67521,3.45788,1.83394
120.8,3.38950,1.67521,3.46407,1.83394
120.9,3.38950,1.67521,3.47003,1.83394
121.0,3.01099,5.05983,3.45299,4.79609
121.1,3.01099,5.05983,3.30342,5.06107
121.2,3.01099,5.05983,3.20076,5.17856
121.3,3.01099,5.05983,3.16503,5.46276
121.4,3.01099,5.05983,3.15516,5.48703
121.5,3.01099,5.05983,3.14568,5.61579
121.6,3.01099,5.05983,3.14530,5.60430
121.7,3.01099,5.05983,3.12845,5.59951
121.8,3.01099,5.05983,3.12821,5.58730
121.9,3.01099,5.05983,3.12821,5.56189
122.0,3.01099,5.05983,3.12821,5.54579
122.1,3.01099,5.05983,3.12821,5.54579
122.2,3.01099,5.05983,3.12576,5.53366
122.3,3.01099,5.05983,3.11639,5.53114
122.4,3.01099,5.05983,3.11866,5.53114
122.5,3.01099,5.05983,3.11600,5.52991
122.6,3.01099,5.05983,3.11111,5.53089
122.7,3.01099,5.05983,3.11111,5.51893
122.8,3.01099,5.05983,3.09893,5.51697
122.9,3.01099,5.05983,3.10134,5.51503
123.0,8.58364,1.62149,5.14102,4.53866
123.1,8.58364,1.62149,7.16050,3.05685
123.2,8.58364,1.62149,8.70330,1.79731
123.3,8.58364,1.62149,8.70137,1.80716
123.4,8.58364,1.62149,8.71287,1.79731
123.5,8.58364,1.62149,8.70272,1.79731
123.6,8.58364,1.62149,8.70330,1.79731
123.7,8.58364,1.62149,8.70330,1.79731
123.8,8.58364,1.60928,8.70206,1.79731
123.9,8.58364,1.60928,8.70085,1.79731
124.0,8.58364,1.60928,8.69841,1.79731
124.1,8.58364,1.60928,8.69600,1.79731
124.2,8.58364,1.60928,8.69597,1.79731
124.3,8.58364,1.60928,8.70772,1.79731
124.4,8.58364,1.60928,8.69736,1.79731
124.5,8.58364,1.60928,8.69841,1.79731
124.6,8.58364,1.60928,8.69841,1.79731
124.7,8.58364,1.60928,8.69841,1.79731
124.8,8.58364,1.60928,8.70658,1.79976
124.9,8.58364,1.60928,8.69597,1.79976
125.0,0.89621,0.42979,5.42682,1.68235
125.1,0.89621,0.42979,2.56550,1.15600
125.2,0.89621,0.42979,1.02150,0.91628
125.3,0.89621,0.42979,0.94261,0.66542
125.4,0.89621,0.42979,0.94329,0.65970
125.5,0.89621,0.42979,0.94261,0.57265
125.6,0.89621,0.42979,0.94261,0.56166
125.7,0.89621,0.42979,0.94261,0.56166
125.8,0.89621,0.42979,0.94261,0.56166
125.9,0.89621,0.42979,0.94261,0.56166
126.0,0.89621,0.42979,0.94261,0.56166
126.1,0.89621,0.42979,0.94261,0.56166
126.2,0.89621,0.42979,0.94261,0.56166
126.3,0.89621,0.42979,0.94261,0.56166
126.4,0.89621,0.42979,0.94261,0.56166
126.5,0.89621,0.42979,0.94261,0.56166
126.6,0.89621,0.42979,0.94261,0.56166
126.7,0.89621,0.42979,0.94261,0.56166
126.8,0.89621,0.42979,0.94261,0.56166
126.9,0.89621,0.42979,0.94261,0.56166
127.0,1.23077,7.70208,1.27503,6.34096
127.1,1.23077,7.70208,1.27448,7.66056
127.2,1.23077,7.70208,1.26823,7.57911
127.3,1.23077,7.70208,1.26496,7.66056
127.4,1.23077,7.70208,1.26740,7.67277
127.5,1.23077,7.70208,1.27562,7.67277
127.6,1.23077,7.70208,1.27961,7.67570
127.7,1.23077,7.70208,1.27961,7.68742
127.8,1.23077,7.70208,1.27961,7.68728
127.9,1.23077,7.70208,1.27961,7.69048
128.0,1.23077,7.70208,1.28205,7.69963
128.1,1.23077,7.70208,1.28850,7.71184
128.2,1.23077,7.70208,1.29182,7.71184
128.3,1.23077,7.70208,1.29182,7.71184
128.4,1.23077,7.70208,1.29182,7.72405
128.5,1.23077,7.70208,1.29182,7.72405
128.6,1.23077,7.70208,1.29182,7.73626
128.7,1.23077,7.70208,1.28449,7.74847
128.8,1.23077,7.70208,1.28773,7.74847
128.9,1.23077,7.70208,1.28449,7.76068
129.0,6.93773,7.70208,5.80708,7.76068
129.1,6.93773,7.70208,6.09786,7.89654
129.2,6.93773,7.70208,7.07448,7.94937
129.3,6.93773,7.70208,7.07448,7.99946
129.4,6.93773,7.70208,7.07448,8.04068
129.5,6.93773,7.70208,7.06227,8.06280
129.6,6.93773,7.70208,7.06227,8.08981
129.7,6.93773,7.70208,7.06227,8.10070
129.8,6.93773,7.70208,7.04518,8.10477
129.9,6.93773,7.70208,7.05016,8.11477
130.0,6.93773,7.70208,7.05504,8.11477
130.1,6.93773,7.70208,7.05297,8.11477
130.2,6.93773,7.70208,7.05103,8.11477
130.3,6.93773,7.70208,7.05006,8.11477
130.4,6.93773,7.70208,7.05006,8.11477
130.5,6.93773,7.70208,7.05006,8.11477
130.6,6.93773,7.70208,7.05129,8.11477
130.7,6.93773,7.70208,7.04412,8.11477
130.8,6.93773,7.70208,7.04029,8.11477
130.9,6.93773,7.70208,7.11902,8.11477
131.0,7.10379,1.16484,7.19095,5.61726
131.1,7.10379,1.16484,7.17871,1.39438
131.2,7.10379,1.16484,7.19170,1.31575
131.3,7.10379,1.16484,7.17970,1.28916
131.4,7.10379,1.16484,7.18868,1.27961
131.5,7.10379,1.16484,7.19414,1.27131
131.6,7.10379,1.16484,7.19538,1.26740
131.7,7.10379,1.16484,7.19609,1.26740
131.8,7.10379,1.16484,7.18449,1.26752
131.9,7.10379,1.16484,7.18437,1.27363
132.0,7.10379,1.16484,7.18437,1.27915
132.1,7.10379,1.16484,7.18437,1.27961
132.2,7.10379,1.16484,7.18437,1.27949
132.3,7.10379,1.16484,7.18437,1.26740
132.4,7.10379,1.16484,7.18437,1.26740
132.5,7.10379,1.16484,7.18437,1.26740
132.6,7.10379,1.16484,7.18437,1.26740
132.7,7.10379,1.16484,7.18437,1.27936
132.8,7.10379,1.16484,7.18437,1.26740
132.9,7.10379,1.16484,7.18437,1.26740
133.0,2.89377,2.73504,4.69597,1.98739
133.1,2.89377,2.73504,4.04032,2.55757
133.2,2.89377,2.73504,3.29014,2.69841
133.3,2.89377,2.73504,2.94505,2.69841
133.4,2.89377,2.73504,2.94037,2.71062
133.5,2.89377,2.73504,2.94280,2.71062
133.6,2.89377,2.73504,2.94463,2.71062
133.7,2.89377,2.73504,2.94657,2.72283
133.8,2.89377,2.73504,2.94750,2.72283
133.9,2.89377,2.73504,2.95726,2.72088
134.0,2.89377,2.73504,2.95726,2.74481
134.1,2.89377,2.73504,2.95726,2.75363
134.2,2.89377,2.73504,2.95726,2.75702
134.3,2.89377,2.73504,2.95726,2.75750
134.4,2.89377,2.73504,2.95726,2.78388
134.5,2.89377,2.73504,2.95726,2.78434
134.6,2.89377,2.73504,2.95726,2.79601
134.7,2.89377,2.73504,2.95726,2.79609
134.8,2.89377,2.73504,2.95726,2.80830
134.9,2.89377,2.73504,2.95726,2.82051
135.0,2.15873,8.57631,2.89746,8.03663
135.1,2.15873,8.57631,2.40378,8.54710
135.2,2.15873,8.57631,2.33095,8.67521
135.3,2.15873,8.57631,2.24176,8.82960
135.4,2.15873,8.57631,2.24176,9.12332
135.5,2.15873,8.57631,2.22222,9.12332
135.6,2.15873,8.57631,2.22222,9.12332
135.7,2.15873,8.57631,2.21809,8.96639
135.8,2.15873,8.57631,2.21734,8.94505
135.9,2.15873,8.57631,2.21734,8.88267
136.0,2.15873,8.57631,2.21734,8.86935
136.1,2.15873,8.57631,2.21734,8.86935
136.2,2.15873,8.57631,2.21734,8.86935
136.3,2.15873,8.57631,2.21734,8.86935
136.4,2.15873,8.57631,2.21722,8.86935
136.5,2.15873,8.57631,2.21734,8.86935
136.6,2.15873,8.57631,2.21503,8.86935
136.7,2.15873,8.57631,2.21490,8.86935
136.8,2.15873,8.57631,2.22495,8.86935
136.9,2.15873,8.57631,2.22924,8.86935
137.0,2.11477,7.90965,2.22711,8.45770
137.1,2.11477,7.90965,2.21494,8.37583
137.2,2.11477,7.90965,2.21742,8.19292
137.3,2.11477,7.90965,2.21734,8.18663
137.4,2.11477,7.90965,2.21734,8.18071
137.5,2.11477,7.90965,2.21734,8.18071
137.6,2.11477,7.90965,2.21734,8.18071
137.7,2.11477,7.90965,2.22225,8.18071
137.8,2.11477,7.90965,2.22466,8.18071
137.9,2.11477,7.90965,2.22466,8.18071
138.0,2.11477,7.90965,2.22466,8.18071
138.1,2.11477,7.90965,2.22466,8.18071
138.2,2.11477,7.90965,2.22466,8.18071
138.3,2.11477,7.90965,2.22466,8.18071
138.4,2.11477,7.90965,2.22466,8.18071
138.5,2.11477,7.90965,2.22466,8.18071
138.6,2.11477,7.90965,2.22466,8.18071
138.7,2.11477,7.90965,2.21245,8.18071
138.8,2.11477,7.90965,2.21477,8.18071
138.9,2.11477,7.90965,3.36397,8.18071
139.0,4.66422,4.86447,4.28077,5.89485
139.1,4.66422,4.86447,4.78388,5.08070
139.2,4.66422,4.86447,4.77160,5.04148
139.3,4.66422,4.86447,4.76923,5.04029
139.4,4.66422,4.86447,4.76923,5.04029
139.5,4.66422,4.86447,4.77167,5.04029
139.6,4.66422,4.86447,4.77167,5.04029
139.7,4.66422,4.86447,4.77167,5.04029
139.8,4.66422,4.86447,4.77167,5.04029
139.9,4.66422,4.86447,4.77167,5.04029
140.0,4.66422,4.86447,4.77167,5.04029
140.1,4.66422,4.86447,4.77167,5.04029
140.2,4.66422,4.86447,4.77167,5.04029
140.3,4.66422,4.86447,4.77167,5.04029
140.4,4.66422,4.86447,4.77167,5.04029
140.5,4.66422,4.86447,4.77167,5.04029
140.6,4.66422,4.86447,4.77167,5.04029
140.7,4.66422,4.86447,4.77167,5.04029
140.8,4.66422,4.86447,4.77167,5.04029
140.9,4.66422,4.86447,4.77167,5.04029
141.0,6.73504,3.57998,6.45177,4.29606
141.1,6.73504,3.57998,6.84737,3.80806
141.2,6.73504,3.57998,6.84737,3.76883
141.3,6.73504,3.57998,6.84737,3.74847
141.4,6.73504,3.57998,6.84349,3.74847
141.5,6.73504,3.57998,6.84010,3.73626
141.6,6.73504,3.57998,6.84005,3.73626
141.7,6.73504,3.57998,6.84005,3.73626
141.8,6.73504,3.57998,6.84005,3.73626
141.9,6.73504,3.57998,6.84005,3.73626
142.0,6.73504,3.57998,6.84005,3.73626
142.1,6.73504,3.57998,6.84005,3.73626
142.2,6.73504,3.57998,6.84005,3.73626
142.3,6.73504,3.57998,6.84005,3.73626
142.4,6.73504,3.57998,6.84005,3.74115
142.5,6.73504,3.57998,6.84005,3.73626
142.6,6.73504,3.57998,6.84005,3.73626
142.7,6.73504,3.57998,6.84493,3.74115
142.8,6.73504,3.57998,6.84493,3.73626
142.9,6.73504,3.57998,6.83272,3.73626
143.0,1.78443,6.83218,6.11164,6.22055
143.1,1.28205,7.33822,3.70803,7.57998
143.2,1.28205,7.33822,1.32845,7.61036
143.3,1.28205,7.33822,1.33003,7.65917
143.4,1.28205,7.33822,1.32845,7.62820
143.5,1.28205,7.33822,1.32669,7.60342
143.6,1.28205,7.33822,1.33459,7.59219
143.7,1.28205,7.33822,1.32845,7.59219
143.8,1.28205,7.33822,1.32845,7.59297
143.9,1.28205,7.33822,1.32845,7.59219
144.0,1.28205,7.33822,1.33488,7.59219
144.1,1.28205,7.33822,1.33822,7.59219
144.2,1.28205,7.33822,1.32845,7.59219
144.3,1.28205,7.33822,1.33848,7.59219
144.4,1.28205,7.33822,1.32845,7.59219
144.5,1.28205,7.33822,1.32845,7.59219
144.6,1.28205,7.33822,1.32718,7.59219
144.7,1.28205,7.33822,1.33333,7.59290
144.8,1.28205,7.33822,1.33333,7.60440
144.9,1.28205,7.33822,1.33333,7.60440
145.0,5.11355,4.84493,4.02227,5.86757
145.1,5.11355,4.84493,4.91480,5.07649
145.2,5.11355,4.84493,5.23565,5.04054
145.3,5.11355,4.84493,5.23565,5.04022
145.4,5.11355,4.84493,5.23565,5.02564
145.5,5.11355,4.84493,5.23565,5.02564
145.6,5.11355,4.84493,5.22833,5.02564
145.7,5.11355,4.84493,5.22833,5.02564
145.8,5.11355,4.84493,5.22833,5.02564
145.9,5.11355,4.84493,5.22833,5.02564
146.0,5.11355,4.84493,5.22833,5.02564
146.1,5.11355,4.84493,5.22833,5.02564
146.2,5.11355,4.84493,5.22833,5.02564
146.3,5.11355,4.84493,5.22833,5.02564
146.4,5.11355,4.84493,5.22833,5.02564
146.5,5.11355,4.84493,5.22833,5.02564
146.6,5.11355,4.84493,5.22833,5.02564
146.7,5.11355,4.84493,5.22833,5.02564
146.8,5.11355,4.84493,5.22833,5.02564
146.9,5.11355,4.84493,5.22833,5.02564
147.0,6.60806,2.66178,6.43712,3.45543
147.1,6.60806,2.66178,6.64426,2.87988
147.2,6.60806,2.66178,6.69597,2.82867
147.3,6.60806,2.66178,6.69597,2.81563
147.4,6.60806,2.66178,6.69597,2.81563
147.5,6.60806,2.66178,6.69597,2.80342
147.6,6.60806,2.66178,6.69597,2.80342
147.7,6.60806,2.66178,6.70050,2.80342
147.8,6.60806,2.66178,6.69109,2.80342
147.9,6.60806,2.66178,6.69109,2.80342
148.0,6.60806,2.66178,6.69109,2.80342
148.1,6.60806,2.66178,6.69109,2.80342
148.2,6.60806,2.66178,6.69109,2.80342
148.3,6.60806,2.66178,6.69109,2.80342
148.4,6.60806,2.66178,6.69109,2.80342
148.5,6.60806,2.66178,6.69109,2.80342
148.6,6.60806,2.66178,6.69109,2.80342
148.7,6.60806,2.66178,6.69109,2.80342
148.8,6.60806,2.66178,6.69109,2.80342
148.9,6.60806,2.66178,6.69109,2.80342
149.0,4.33455,4.84249,5.59533,4.69085
149.1,4.33455,4.84249,4.99818,4.82784
149.2,4.33455,4.84249,4.40049,4.87717
149.3,4.33455,4.84249,4.40049,4.90110
149.4,4.33455,4.84249,4.40049,4.92576
149.5,4.33455,4.84249,4.40049,4.94994
149.6,4.33455,4.84249,4.40049,4.97402
149.7,4.33455,4.84249,4.40049,5.01069
149.8,4.33455,4.84249,4.40049,5.02591
149.9,4.33455,4.84249,4.40049,5.05611
150.0,4.33455,4.84249,4.40049,5.08181
150.1,4.33455,4.84249,4.40049,5.09590
150.2,4.33455,4.84249,4.40049,5.10867
150.3,4.33455,4.84249,4.40049,5.12217
150.4,4.33455,4.84249,4.40049,5.13497
150.5,4.33455,4.84249,4.40049,5.14774
150.6,4.33455,4.84249,4.40293,5.14774
150.7,4.33455,4.84249,4.40293,5.14774
150.8,4.33455,4.84249,4.40293,5.15995
150.9,4.33455,4.84249,4.40293,5.15995
151.0,8.61538,0.43468,7.53075,2.46125
151.1,8.61538,0.43468,8.71785,0.81143
151.2,8.61538,0.43468,8.71551,0.61980
151.3,8.61538,0.43468,8.71551,0.59585
151.4,8.61538,0.43468,8.71306,0.59585
151.5,8.61538,0.43468,8.72527,0.59585
151.6,8.61538,0.43468,8.72527,0.59585
151.7,8.61538,0.43468,8.72527,0.59585
151.8,8.61538,0.43468,8.71551,0.59585
151.9,8.61538,0.43468,8.71551,0.59585
152.0,8.61538,0.43468,8.70353,0.59585
152.1,8.61538,0.43468,8.71551,0.59585
152.2,8.61538,0.43468,8.71179,0.59585
152.3,8.61538,0.43468,8.70934,0.59585
152.4,8.61538,0.43468,8.70330,0.59585
152.5,8.61538,0.43468,8.70862,0.59585
152.6,8.61538,0.43468,8.71379,0.59585
152.7,8.61538,0.43468,8.71306,0.59585
152.8,8.61538,0.43468,8.71306,0.59585
152.9,8.61538,0.43468,8.71306,0.59585
153.0,3.20391,1.22100,5.80415,0.85958
153.1,3.20391,1.22100,4.79984,1.02606
153.2,3.20391,1.22100,3.25275,1.14139
153.3,3.20391,1.22100,3.25275,1.16532
153.4,3.20391,1.22100,3.25275,1.17097
153.5,3.20391,1.22100,3.25751,1.17699
153.6,3.20391,1.22100,3.26007,1.17705
153.7,3.20391,1.22100,3.26007,1.18926
153.8,3.20391,1.22100,3.26007,1.18926
153.9,3.20391,1.22100,3.26007,1.18926
154.0,3.20391,1.22100,3.26007,1.20147
154.1,3.20391,1.22100,3.26024,1.21368
154.2,3.20391,1.22100,3.26496,1.21368
154.3,3.20391,1.22100,3.26496,1.21368
154.4,3.20391,1.22100,3.27659,1.23565
154.5,3.20391,1.22100,3.26740,1.23565
154.6,3.20391,1.22100,3.26526,1.24786
154.7,3.20391,1.22100,3.27228,1.26007
154.8,3.20391,1.22100,3.27228,1.28205
154.9,3.20391,1.22100,3.27228,1.29426
155.0,3.20391,5.11844,3.28830,4.60200
155.1,3.20391,5.11844,3.26252,5.07937
155.2,3.20391,5.11844,3.26252,5.07937
155.3,3.20391,5.11844,3.26252,5.09158
155.4,3.20391,5.11844,3.26252,5.09158
155.5,3.20391,5.11844,3.26252,5.09158
155.6,3.20391,5.11844,3.26740,5.10379
155.7,3.20391,5.11844,3.26740,5.11086
155.8,3.20391,5.11844,3.27912,5.12723
155.9,3.20391,5.11844,3.26496,5.13065
156.0,3.20391,5.11844,3.27666,5.14094
156.1,3.20391,5.11844,3.26805,5.15507
156.2,3.20391,5.11844,3.26501,5.16728
156.3,3.20391,5.11844,3.26740,5.17216
156.4,3.20391,5.11844,3.26740,5.17949
156.5,3.20391,5.11844,3.26740,5.19872
156.6,3.20391,5.11844,3.26984,5.20391
156.7,3.20391,5.11844,3.26984,5.21612
156.8,3.20391,5.11844,3.26984,5.22833
156.9,3.20391,5.11844,3.26984,5.22833
157.0,1.72568,5.11844,2.63177,5.45543
157.1,1.72161,5.11844,2.02149,5.84371
157.2,1.72161,5.11844,1.92317,5.76785
157.3,1.72161,5.11844,1.87104,5.66913
157.4,1.72161,5.11844,1.84127,5.62393
157.5,1.72161,5.11844,1.82369,5.62393
157.6,1.72161,5.11844,1.80633,5.62393
157.7,1.72161,5.11844,1.79463,5.59951
157.8,1.72161,5.11844,1.78510,5.49206
157.9,1.72161,5.11844,1.78437,5.46529
158.0,1.72161,5.11844,1.78510,5.40718
158.1,1.72161,5.11844,1.79446,5.38950
158.2,1.72161,5.11844,1.78291,5.38950
158.3,1.72161,5.11844,1.78510,5.38950
158.4,1.72161,5.11844,1.78803,5.37729
158.5,1.72161,5.11844,1.78510,5.37729
158.6,1.72161,5.11844,1.78093,5.36508
158.7,1.72161,5.11844,1.79243,5.36508
158.8,1.72161,5.11844,1.79243,5.36508
158.9,1.72161,5.11844,1.78276,5.36508
159.0,2.01221,9.28205,2.05372,8.67131
159.1,2.01221,9.28205,2.03663,8.88877
159.2,2.01221,9.28205,2.06593,9.12328
159.3,2.01221,9.28205,2.06593,9.24054
159.4,2.01221,9.28205,2.06593,9.24054
159.5,2.01221,9.28205,2.06593,9.25275
159.6,2.01221,9.28205,2.06593,9.26496
159.7,2.01221,9.28205,2.06593,9.26496
159.8,2.01221,9.28205,2.06593,9.26496
159.9,2.01221,9.28205,2.06593,9.27717
160.0,2.01221,9.28205,2.06593,9.27717
160.1,2.01221,9.28205,2.06838,9.28938
160.2,2.01221,9.28205,2.06838,9.30159
160.3,2.01221,9.28205,2.07814,9.30159
160.4,2.01221,9.28205,2.07992,9.31380
160.5,2.01221,9.28205,2.07082,9.32601
160.6,2.01221,9.28205,2.07082,9.33822
160.7,2.01221,9.28205,2.07082,9.34652
160.8,2.01221,9.28205,2.06617,9.35043
160.9,2.01221,9.28205,2.06921,9.35089
161.0,7.26984,8.50061,5.76762,9.16747
161.1,7.26984,8.48840,7.39927,8.86378
161.2,7.26984,8.50061,7.29634,8.81815
161.3,7.26984,8.50061,7.39927,8.79515
161.4,7.26984,8.49138,7.39927,8.78388
161.5,7.26984,8.50061,7.39803,8.78414
161.6,7.26984,8.50061,7.39683,8.78388
161.7,7.26984,8.49242,7.40513,8.78388
161.8,7.26984,8.50061,7.39438,8.78388
161.9,7.26984,8.50061,7.39438,8.78388
162.0,7.26984,8.50061,7.40486,8.78388
162.1,7.26984,8.50061,7.39827,8.78388
162.2,7.26984,8.50061,7.39927,8.78388
162.3,7.26984,8.49257,7.39927,8.78388
162.4,7.26984,8.50061,7.39927,8.78388
162.5,7.26984,8.50061,7.39927,8.78388
162.6,7.26984,8.50061,7.38968,8.78388
162.7,7.26984,8.49226,7.39438,8.78388
162.8,7.26984,8.50061,7.39438,8.78388
162.9,7.26984,8.48886,7.39683,8.78388
163.0,4.89866,6.12698,6.15979,7.57998
163.1,4.89866,6.12698,5.26984,6.71062
163.2,4.89866,6.12698,5.09526,6.58189
163.3,4.89866,6.12698,5.02689,6.55806
163.4,4.89866,6.12698,5.00600,6.53480
163.5,4.89866,6.12698,4.98360,6.34637
163.6,4.89866,6.12698,4.98168,6.31746
163.7,4.89866,6.12698,4.98168,6.31300
163.8,4.89866,6.12698,4.98005,6.30525
163.9,4.89866,6.12698,4.97924,6.29304
164.0,4.89866,6.12698,4.97402,6.28083
164.1,4.89866,6.12698,4.97919,6.28083
164.2,4.89866,6.12698,4.96849,6.28083
164.3,4.89866,6.12698,4.96947,6.28083
164.4,4.89866,6.12698,4.97186,6.28083
164.5,4.89866,6.12698,4.97924,6.28083
164.6,4.89866,6.12698,4.97924,6.28083
164.7,4.89866,6.12698,4.97924,6.28083
164.8,4.89866,6.12698,4.97924,6.28083
164.9,4.89866,6.12698,4.97924,6.28083
165.0,8.94505,7.77045,7.76737,7.31140
165.1,8.94505,7.77045,9.03297,7.72405
165.2,8.94505,7.77045,9.03335,7.72878
165.3,8.94505,7.77045,9.03297,7.74788
165.4,8.94505,7.77045,9.03297,7.76068
165.5,8.94505,7.77045,9.03297,7.77289
165.6,8.94505,7.77045,9.03297,7.78510
165.7,8.94505,7.77045,9.03297,7.79780
165.8,8.94505,7.77045,9.02564,7.81381
165.9,8.94505,7.77045,9.02564,7.82662
166.0,8.94505,7.77045,9.02564,7.83443
166.1,8.94505,7.77045,9.02564,7.85873
166.2,8.94505,7.77045,9.02564,7.86798
166.3,8.94505,7.77045,9.02564,7.88278
166.4,8.94505,7.77045,9.02564,7.89488
166.5,8.94505,7.77045,9.02564,7.90720
166.6,8.94505,7.77045,9.02579,7.92127
166.7,8.94505,7.77045,9.02564,7.92936
166.8,8.94505,7.77045,9.02564,7.93651
166.9,8.94505,7.77045,9.02564,7.93651
167.0,2.39072,7.28519,6.03151,8.77847
167.1,2.39072,7.27228,2.80830,8.17514
167.2,2.39072,7.27228,2.69675,7.81610
167.3,2.39072,7.27228,2.44444,7.65283
167.4,2.39072,7.27228,2.44444,7.49401
167.5,2.39072,7.27228,2.44444,7.45788
167.6,2.39072,7.27228,2.45421,7.45788
167.7,2.39072,7.27228,2.45421,7.45788
167.8,2.39072,7.27228,2.45421,7.45788
167.9,2.39072,7.27228,2.45421,7.45788
168.0,2.39072,7.27228,2.45421,7.45788
168.1,2.39072,7.27228,2.45421,7.45788
168.2,2.39072,7.27228,2.45177,7.45788
168.3,2.39072,7.27228,2.45177,7.45788
168.4,2.39072,7.27228,2.45177,7.45788
168.5,2.39072,7.27228,2.45177,7.45788
168.6,2.39072,7.27228,2.45177,7.45788
168.7,2.39072,7.27228,2.45177,7.45788
168.8,2.39072,7.27228,2.45177,7.45788
168.9,2.39072,7.27228,2.45177,7.45788
169.0,8.99389,3.48962,6.37118,5.60195
169.1,8.99389,3.48962,8.01058,3.73482
169.2,8.99389,3.48962,9.11600,3.68498
169.3,8.99389,3.48962,9.11600,3.67882
169.4,8.99389,3.48962,9.11600,3.67277
169.5,8.99389,3.48962,9.11600,3.67277
169.6,8.99389,3.48962,9.11600,3.67277
169.7,8.99389,3.48962,9.11600,3.67277
169.8,8.99389,3.48962,9.11600,3.67277
169.9,8.99389,3.48962,9.11600,3.67277
170.0,8.99389,3.48962,9.11355,3.67277
170.1,8.99389,3.48962,9.12576,3.67277
170.2,8.99389,3.48962,9.11350,3.66789
170.3,8.99389,3.48962,9.11355,3.65568
170.4,8.99389,3.48962,9.11844,3.66789
170.5,8.99389,3.48962,9.11844,3.65655
170.6,8.99389,3.48962,9.11844,3.65953
170.7,8.99389,3.48962,9.11844,3.66766
170.8,8.99389,3.48962,9.11844,3.66789
170.9,8.99389,3.48962,9.11844,3.66789
171.0,7.89011,3.59219,8.75214,3.90965
171.1,7.89011,3.59219,8.26443,4.05815
171.2,7.89011,3.59219,8.14959,4.15131
171.3,7.89011,3.59219,8.08466,4.03556
171.4,7.89011,3.59219,8.05148,4.01587
171.5,7.89011,3.59219,8.03419,3.99552
171.6,7.89011,3.59219,8.02198,3.97479
171.7,7.89011,3.59219,8.01356,3.96093
171.8,7.89011,3.59219,7.99980,3.96093
171.9,7.89011,3.59219,7.98300,3.96093
172.0,7.89011,3.59219,7.97792,3.90151
172.1,7.89011,3.59219,7.97314,3.82011
172.2,7.89011,3.59219,7.97314,3.75637
172.3,7.89011,3.59219,7.97314,3.75580
172.4,7.89011,3.59219,7.97304,3.75580
172.5,7.89011,3.59219,7.97070,3.75580
172.6,7.89011,3.59219,7.97070,3.75580
172.7,7.89011,3.59219,7.97314,3.75580
172.8,7.89011,3.59219,7.97165,3.75580
172.9,7.89011,3.59219,7.97916,3.75580
173.0,3.74359,1.87302,6.43923,3.68498
173.1,3.74359,1.87302,4.95194,2.50305
173.2,3.74359,1.87302,3.88936,2.35722
173.3,3.74359,1.87302,3.81929,2.21856
173.4,3.74359,1.87302,3.82055,2.10477
173.5,3.74359,1.87302,3.81929,2.10767
173.6,3.74359,1.87302,3.81929,2.07326
173.7,3.74359,1.87302,3.81929,2.04640
173.8,3.74359,1.87302,3.81929,2.04640
173.9,3.74359,1.87302,3.80703,2.04640
174.0,3.74359,1.87302,3.81197,2.04640
174.1,3.74359,1.87302,3.81197,2.04640
174.2,3.74359,1.87302,3.81197,2.04640
174.3,3.74359,1.87302,3.81197,2.04640
174.4,3.74359,1.87302,3.81197,2.04640
174.5,3.74359,1.87302,3.81197,2.04640
174.6,3.74359,1.87302,3.81929,2.04640
174.7,3.74359,1.87302,3.81882,2.04640
174.8,3.74359,1.87302,3.80952,2.04640
174.9,3.74359,1.87302,3.80952,2.04640
175.0,0.60317,7.68742,3.06716,6.66178
175.1,0.60317,7.68742,0.82678,7.73339
175.2,0.60317,7.68742,0.64784,7.83028
175.3,0.60317,7.68742,0.65934,7.90525
175.4,0.60317,7.68742,0.65934,7.91875
175.5,0.60317,7.68742,0.65934,7.93651
175.6,0.60317,7.68742,0.65934,7.93651
175.7,0.60317,7.68742,0.65934,7.93651
175.8,0.60317,7.68742,0.65934,7.92430
175.9,0.60317,7.68742,0.65934,7.92925
176.0,0.60317,7.68742,0.65934,7.93415
176.1,0.60317,7.68742,0.65934,7.93651
176.2,0.60317,7.68742,0.65934,7.93651
176.3,0.60317,7.68742,0.65934,7.93651
176.4,0.60317,7.68742,0.65934,7.93651
176.5,0.60317,7.68742,0.65934,7.93651
176.6,0.60317,7.68742,0.65934,7.93651
176.7,0.60317,7.68742,0.65934,7.93651
176.8,0.60317,7.68742,0.65934,7.93700
176.9,0.60317,7.68742,0.65934,7.94872
177.0,8.61294,7.68742,5.25519,7.89988
177.1,8.61294,7.68742,8.76923,8.07168
177.2,8.61294,7.68742,8.76923,8.15385
177.3,8.61294,7.68742,8.76190,8.16606
177.4,8.61294,7.68742,8.76190,8.16559
177.5,8.61294,7.68742,8.76190,8.15708
177.6,8.61294,7.68742,8.75458,8.15385
177.7,8.61294,7.68742,8.75214,8.15385
177.8,8.61294,7.68742,8.75214,8.15385
177.9,8.61294,7.68742,8.75214,8.15385
178.0,8.61294,7.68742,8.75458,8.15385
178.1,8.61294,7.68742,8.73993,8.15385
178.2,8.61294,7.68742,8.73993,8.15385
178.3,8.61294,7.68742,8.73993,8.15385
178.4,8.61294,7.68742,8.74324,8.15385
178.5,8.61294,7.68742,8.74039,8.15385
178.6,8.61294,7.68742,8.73993,8.15385
178.7,8.61294,7.68742,8.73993,8.15385
178.8,8.61294,7.68742,8.74969,8.15385
178.9,8.61294,7.68742,8.74969,8.15385
179.0,0.42979,9.13065,5.93377,8.73549
179.1,0.42979,9.13065,0.59530,9.02385
179.2,0.42979,9.13065,0.45665,9.04417
179.3,0.42979,9.13065,0.45665,9.07392
179.4,0.42979,9.13065,0.45665,9.08669
179.5,0.42979,9.13065,0.45665,9.08669
179.6,0.42979,9.13065,0.45665,9.09890
179.7,0.42979,9.13065,0.45665,9.09890
179.8,0.42979,9.13065,0.45910,9.11111
179.9,0.42979,9.13065,0.47516,9.11111
180.0,0.42979,9.13065,0.47619,9.11111
180.1,0.42979,9.13065,0.47619,9.12332
180.2,0.42979,9.13065,0.47619,9.13553
180.3,0.42979,9.13065,0.47619,9.13553
180.4,0.42979,9.13065,0.48525,9.14774
180.5,0.42979,9.13065,0.47852,9.15995
180.6,0.42979,9.13065,0.47619,9.17098
180.7,0.42979,9.13065,0.47744,9.17216
180.8,0.42979,9.13065,0.47863,9.18437
180.9,0.42979,9.13065,0.47863,9.19658
181.0,7.22833,0.71795,4.12597,7.72750
181.1,7.22833,0.71795,7.35531,3.20111
181.2,7.22833,0.71795,7.35140,0.92063
181.3,7.22833,0.71795,7.34066,0.92704
181.4,7.22833,0.71795,7.33122,0.92063
181.5,7.22833,0.71795,7.33084,0.92063
181.6,7.22833,0.71795,7.34277,0.92063
181.7,7.22833,0.71795,7.34017,0.92063
181.8,7.22833,0.71795,7.33440,0.92063
181.9,7.22833,0.71795,7.32845,0.92063
182.0,7.22833,0.71795,7.33089,0.92063
182.1,7.22833,0.71795,7.32845,0.92063
182.2,7.22833,0.71795,7.32845,0.92063
182.3,7.22833,0.71795,7.32845,0.92063
182.4,7.22833,0.71795,7.32845,0.92063
182.5,7.22833,0.71795,7.32357,0.92063
182.6,7.22833,0.71795,7.33578,0.92063
182.7,7.22833,0.71795,7.32895,0.92063
182.8,7.22833,0.71795,7.32845,0.92063
182.9,7.22833,0.71795,7.32845,0.92063
183.0,9.14530,5.58730,8.50549,4.49573
183.1,9.14530,5.58730,9.22866,5.54012
183.2,9.14530,5.58730,9.24054,5.55152
183.3,9.14530,5.58730,9.24054,5.56044
183.4,9.14530,5.58730,9.24533,5.56532
183.5,9.14530,5.58730,9.24537,5.57753
183.6,9.14530,5.58730,9.23956,5.59951
183.7,9.14530,5.58730,9.24542,5.61172
183.8,9.14530,5.58730,9.24542,5.61820
183.9,9.14530,5.58730,9.24542,5.63602
184.0,9.14530,5.58730,9.23321,5.66056
184.1,9.14530,5.58730,9.23321,5.67277
184.2,9.14530,5.58730,9.23321,5.67277
184.3,9.14530,5.58730,9.23321,5.69719
184.4,9.14530,5.58730,9.23321,5.69719
184.5,9.14530,5.58730,9.23137,5.70940
184.6,9.14530,5.58730,9.24542,5.72161
184.7,9.14530,5.58730,9.24542,5.73382
184.8,9.14530,5.58730,9.24542,5.73382
184.9,9.14530,5.58730,9.24542,5.74603
185.0,8.00000,6.83272,8.92122,6.45705
185.1,8.00000,6.83272,8.22668,6.53868
185.2,8.00000,6.83272,8.11135,6.81471
185.3,8.00000,6.83272,8.08547,6.82179
185.4,8.00000,6.83272,8.08547,6.82772
185.5,8.00000,6.83272,8.07182,6.84005
185.6,8.00000,6.83272,8.08382,6.84005
185.7,8.00000,6.83272,8.08303,6.85226
185.8,8.00000,6.83272,8.08303,6.85226
185.9,8.00000,6.83272,8.08303,6.86447
186.0,8.00000,6.83272,8.08303,6.87643
186.1,8.00000,6.83272,8.08303,6.87659
186.2,8.00000,6.83272,8.08303,6.89797
186.3,8.00000,6.83272,8.08303,6.91087
186.4,8.00000,6.83272,8.09524,6.92357
186.5,8.00000,6.83272,8.08303,6.93529
186.6,8.00000,6.83272,8.08303,6.94750
186.7,8.00000,6.83272,8.08303,6.96017
186.8,8.00000,6.83272,8.08303,6.97192
186.9,8.00000,6.83272,8.08303,6.97436
187.0,2.91819,8.26374,5.82173,7.76300
187.1,2.91819,8.26374,4.24396,8.19140
187.2,2.91819,8.26374,2.98168,8.21490
187.3,2.91819,8.26374,2.96787,8.22711
187.4,2.91819,8.26374,2.96971,8.22711
187.5,2.91819,8.26374,2.98168,8.23932
187.6,2.91819,8.26374,2.98168,8.23932
187.7,2.91819,8.26374,2.96947,8.25153
187.8,2.91819,8.26374,2.96947,8.26302
187.9,2.91819,8.26374,2.97192,8.26996
188.0,2.91819,8.26374,2.97192,8.27595
188.1,2.91819,8.26374,2.97192,8.28816
188.2,2.91819,8.26374,2.97192,8.30037
188.3,2.91819,8.26374,2.97192,8.31306
188.4,2.91819,8.26374,2.97192,8.33700
188.5,2.91819,8.26374,2.97192,8.33700
188.6,2.91819,8.26374,2.97192,8.34921
188.7,2.91819,8.26374,2.97192,8.36190
188.8,2.91819,8.26374,2.97197,8.37363
188.9,2.91819,8.26374,2.97556,8.38390
189.0,5.25275,0.44689,4.59829,6.70330
189.1,5.25275,0.44689,4.29749,0.76190
189.2,5.25275,0.44689,5.38217,0.71617
189.3,5.25275,0.44689,5.38642,0.65934
189.4,5.25275,0.44689,5.38658,0.65934
189.5,5.25275,0.44689,5.38332,0.65934
189.6,5.25275,0.44689,5.38269,0.65934
189.7,5.25275,0.44689,5.37848,0.65934
189.8,5.25275,0.44689,5.37729,0.65934
189.9,5.25275,0.44689,5.37829,0.65934
190.0,5.25275,0.44689,5.37926,0.65934
190.1,5.25275,0.44689,5.37973,0.65934
190.2,5.25275,0.44689,5.37973,0.65934
190.3,5.25275,0.44689,5.37973,0.65934
190.4,5.25275,0.44689,5.37973,0.65934
190.5,5.25275,0.44689,5.37973,0.65934
190.6,5.25275,0.44689,5.37973,0.65336
190.7,5.25275,0.44689,5.37724,0.65934
190.8,5.25275,0.44689,5.36991,0.65934
190.9,5.25275,0.44689,5.37236,0.65934
191.0,2.68864,1.20635,4.05372,0.85687
191.1,2.68864,1.20635,2.81563,1.06114
191.2,2.68864,1.20635,2.75458,1.11548
191.3,2.68864,1.20635,2.75458,1.15507
191.4,2.68864,1.20635,2.75458,1.15507
191.5,2.68864,1.20635,2.75458,1.15507
191.6,2.68864,1.20635,2.75458,1.16728
191.7,2.68864,1.20635,2.75458,1.16728
191.8,2.68864,1.20635,2.75458,1.17949
191.9,2.68864,1.20635,2.75458,1.17949
192.0,2.68864,1.20635,2.75458,1.19170
192.1,2.68864,1.20635,2.75458,1.20391
192.2,2.68864,1.20635,2.75458,1.21612
192.3,2.68864,1.20635,2.75458,1.22906
192.4,2.68864,1.20635,2.75458,1.24054
192.5,2.68864,1.20635,2.75458,1.25263
192.6,2.68864,1.20635,2.75458,1.26740
192.7,2.68864,1.20635,2.75458,1.27961
192.8,2.68864,1.20635,2.75458,1.29182
192.9,2.68864,1.20635,2.75458,1.30452
193.0,4.71551,1.23077,4.06349,1.33639
193.1,4.71551,1.23077,4.84249,1.46913
193.2,4.71551,1.23077,4.85180,1.60307
193.3,4.71551,1.23077,4.85206,1.62065
193.4,4.71551,1.23077,4.84434,1.65324
193.5,4.71551,1.23077,4.84249,1.66302
193.6,4.71551,1.23077,4.84249,1.66545
193.7,4.71551,1.23077,4.84249,1.66545
193.8,4.71551,1.23077,4.83761,1.66545
193.9,4.71551,1.23077,4.83761,1.66545
194.0,4.71551,1.23077,4.84005,1.66545
194.1,4.71551,1.23077,4.83530,1.66545
194.2,4.71551,1.23077,4.83025,1.66545
194.3,4.71551,1.23077,4.82784,1.66545
194.4,4.71551,1.23077,4.82784,1.66545
194.5,4.71551,1.23077,4.82784,1.66545
194.6,4.71551,1.23077,4.82784,1.66545
194.7,4.71551,1.23077,4.82784,1.66545
194.8,4.71551,1.23077,4.81563,1.66545
194.9,4.71551,1.23077,4.81563,1.66545
195.0,1.60928,1.60195,3.29426,1.92674
195.1,1.60928,1.60195,1.90292,2.39942
195.2,1.60928,1.60195,1.79976,2.26988
195.3,1.60928,1.60195,1.70751,2.15494
195.4,1.60928,1.60195,1.67033,2.02748
195.5,1.60928,1.60195,1.67033,1.90527
195.6,1.60928,1.60195,1.67033,1.88034
195.7,1.60928,1.60195,1.67033,1.86813
195.8,1.60928,1.60195,1.67033,1.86764
195.9,1.60928,1.60195,1.67033,1.85592
196.0,1.60928,1.60195,1.67033,1.84383
196.1,1.60928,1.60195,1.67033,1.85592
196.2,1.60928,1.60195,1.67033,1.85592
196.3,1.60928,1.60195,1.67521,1.85592
196.4,1.60928,1.60195,1.67114,1.85592
196.5,1.60928,1.60195,1.67521,1.85585
196.6,1.60928,1.60195,1.67521,1.85592
196.7,1.60928,1.60195,1.66874,1.85592
196.8,1.60928,1.60195,1.66572,1.85592
196.9,1.60928,1.60195,1.66785,1.85592
197.0,6.87668,9.14286,3.54090,4.77242
197.1,6.87668,9.14286,6.88474,9.10900
197.2,6.87668,9.14286,6.97680,9.13553
197.3,6.87668,9.14286,6.97680,9.16089
197.4,6.87668,9.14286,6.96947,9.18437
197.5,6.87668,9.14286,6.97192,9.20879
197.6,6.87668,9.14286,6.97163,9.22100
197.7,6.87668,9.14286,6.95971,9.23349
197.8,6.87668,9.14286,6.95971,9.24786
197.9,6.87668,9.14286,6.96291,9.27473
198.0,6.87668,9.14286,6.97436,9.28694
198.1,6.87668,9.14286,6.96471,9.30706
198.2,6.87668,9.14286,6.96947,9.32357
198.3,6.87668,9.14286,6.96947,9.33870
198.4,6.87668,9.14286,6.96947,9.35043
198.5,6.87668,9.14286,6.95971,9.36264
198.6,6.87668,9.14286,6.95971,9.36254
198.7,6.87668,9.14286,6.95971,9.37973
198.8,6.87668,9.14286,6.95971,9.39218
198.9,6.87668,9.14286,6.97192,9.40415
199.0,1.44811,9.15507,4.51526,9.77778
199.1,1.44811,9.15507,1.73316,9.98688
199.2,1.44811,9.15507,1.57455,9.76842
199.3,1.44811,9.15507,1.49939,9.55795
199.4,1.44811,9.15507,1.49939,9.50311
199.5,1.44811,9.15507,1.49939,9.44691
199.6,1.44811,9.15507,1.50916,9.40415
199.7,1.44811,9.15507,1.49939,9.39337
199.8,1.44811,9.15507,1.49939,9.39200
199.9,1.44811,9.15507,1.49939,9.40461
200.0,1.44811,9.15507,1.49939,9.41636
200.1,1.44811,9.15507,1.49939,9.41636
200.2,1.44811,9.15507,1.49695,9.41636
200.3,1.44811,9.15507,1.49695,9.41636
200.4,1.44811,9.15507,1.50916,9.41636
200.5,1.44811,9.15507,1.49508,9.41636
200.6,1.44811,9.15507,1.49695,9.41636
200.7,1.44811,9.15507,1.49939,9.41588
200.8,1.44811,9.15507,1.50271,9.41589
200.9,1.44811,9.15507,1.47217,9.41636
201.0,0.76673,1.19896,1.43346,4.47977
201.1,0.73748,0.70574,1.08669,1.38250
201.2,0.73748,0.70574,0.93904,1.11844
201.3,0.73748,0.70574,0.89261,1.11746
201.4,0.73748,0.70574,0.83516,1.06716
201.5,0.73748,0.70574,0.82029,1.06716
201.6,0.73748,0.70574,0.80749,1.06716
201.7,0.73748,0.70574,0.79121,0.90558
201.8,0.73748,0.70574,0.79121,0.85470
201.9,0.73748,0.70574,0.79121,0.86188
202.0,0.73748,0.70574,0.79121,0.85470
202.1,0.73748,0.70574,0.79121,0.85470
202.2,0.73748,0.70574,0.79121,0.85470
202.3,0.73748,0.70574,0.79121,0.85470
202.4,0.73748,0.70574,0.79121,0.85470
202.5,0.73748,0.70574,0.78877,0.85470
202.6,0.73748,0.70574,0.78877,0.85470
202.7,0.73748,0.70574,0.78877,0.85470
202.8,0.73748,0.70574,0.78877,0.85958
202.9,0.73748,0.70574,0.78877,0.85470
203.0,5.69963,2.34676,3.41320,1.70279
203.1,5.69963,2.34676,5.78266,2.05057
203.2,5.69963,2.34676,5.78266,2.30769
203.3,5.69963,2.34676,5.78266,2.31990
203.4,5.69963,2.34676,5.78266,2.31990
203.5,5.69963,2.34676,5.77778,2.33211
203.6,5.69963,2.34676,5.77778,2.34181
203.7,5.69963,2.34676,5.77667,2.35653
203.8,5.69963,2.34676,5.76557,2.35653
203.9,5.69963,2.34676,5.76557,2.36513
204.0,5.69963,2.34676,5.76557,2.38071
204.1,5.69963,2.34676,5.76557,2.38715
204.2,5.69963,2.34676,5.76557,2.39310
204.3,5.69963,2.34676,5.76557,2.40537
204.4,5.69963,2.34676,5.76557,2.42844
204.5,5.69963,2.34676,5.77778,2.43593
204.6,5.69963,2.34676,5.77778,2.44194
204.7,5.69963,2.34676,5.78022,2.44200
204.8,5.69963,2.34676,5.78022,2.44200
204.9,5.69963,2.34676,5.78022,2.45421
205.0,6.32967,1.29426,6.12454,2.17282
205.1,6.32967,1.29426,6.31583,1.91281
205.2,6.32967,1.29426,6.43103,1.56843
205.3,6.32967,1.29426,6.43218,1.54090
205.4,6.32967,1.29426,6.42505,1.54090
205.5,6.32967,1.29426,6.43153,1.54090
205.6,6.32967,1.29426,6.41758,1.54090
205.7,6.32967,1.29426,6.43041,1.52892
205.8,6.32967,1.29426,6.42247,1.54090
205.9,6.32967,1.29426,6.42247,1.54090
206.0,6.32967,1.29426,6.42247,1.54090
206.1,6.32967,1.29426,6.42247,1.54090
206.2,6.32967,1.29426,6.42247,1.54090
206.3,6.32967,1.29426,6.42227,1.54090
206.4,6.32967,1.29426,6.41758,1.54090
206.5,6.32967,1.29426,6.41758,1.54090
206.6,6.32967,1.29426,6.41758,1.54090
206.7,6.32967,1.29426,6.41758,1.54090
206.8,6.32967,1.29426,6.41758,1.54090
206.9,6.32967,1.29426,6.41758,1.54090
207.0,4.94505,1.39927,6.03926,1.74017
207.1,4.94505,1.39927,5.29377,2.11233
207.2,4.94505,1.39927,5.17603,1.97847
207.3,4.94505,1.39927,5.12972,1.89744
207.4,4.94505,1.39927,5.08360,1.89744
207.5,4.94505,1.39927,5.06062,1.87302
207.6,4.94505,1.39927,5.03746,1.87302
207.7,4.94505,1.39927,5.02974,1.82906
207.8,4.94505,1.39927,5.02808,1.75184
207.9,4.94505,1.39927,5.02808,1.67630
208.0,4.94505,1.39927,5.01587,1.65820
208.1,4.94505,1.39927,5.03030,1.63912
208.2,4.94505,1.39927,5.01832,1.62882
208.3,4.94505,1.39927,5.02076,1.64103
208.4,4.94505,1.39927,5.02076,1.64103
208.5,4.94505,1.39927,5.02076,1.63584
208.6,4.94505,1.39927,5.02076,1.64097
208.7,4.94505,1.39927,5.02076,1.64103
208.8,4.94505,1.39927,5.02076,1.64103
208.9,4.94505,1.39927,5.02076,1.64103
209.0,2.56899,6.08547,4.52747,5.13553
209.1,2.56899,6.08547,2.78259,6.16610
209.2,2.56899,6.08547,2.63980,6.38014
209.3,2.56899,6.08547,2.64406,6.42802
209.4,2.56899,6.08547,2.63743,6.48840
209.5,2.56899,6.08547,2.63736,6.48840
209.6,2.56899,6.08547,2.63736,6.48840
209.7,2.56899,6.08547,2.63736,6.47619
209.8,2.56899,6.08547,2.63980,6.47619
209.9,2.56899,6.08547,2.63980,6.47619
210.0,2.56899,6.08547,2.63980,6.47619
210.1,2.56899,6.08547,2.63980,6.47619
210.2,2.56899,6.08547,2.63980,6.47619
210.3,2.56899,6.08547,2.63980,6.47619
210.4,2.56899,6.08547,2.63980,6.47619
210.5,2.56899,6.08547,2.63980,6.47619
210.6,2.56899,6.08547,2.63736,6.47619
210.7,2.56899,6.08547,2.63736,6.46398
210.8,2.56899,6.08547,2.63736,6.46398
210.9,2.56899,6.08547,2.64736,6.46398
211.0,7.59219,5.31136,5.45543,6.09035
211.1,7.59219,5.31136,7.73626,5.66582
211.2,7.59219,5.31136,7.73626,5.60195
211.3,7.59219,5.31136,7.72451,5.59373
211.4,7.59219,5.31136,7.73626,5.58974
211.5,7.59219,5.31136,7.74002,5.58974
211.6,7.59219,5.31136,7.74291,5.58974
211.7,7.59219,5.31136,7.73363,5.58974
211.8,7.59219,5.31136,7.72564,5.58974
211.9,7.59219,5.31136,7.72612,5.58974
212.0,7.59219,5.31136,7.72417,5.58974
212.1,7.59219,5.31136,7.72423,5.58974
212.2,7.59219,5.31136,7.72894,5.58974
212.3,7.59219,5.31136,7.72693,5.58974
212.4,7.59219,5.31136,7.72496,5.58974
212.5,7.59219,5.31136,7.72405,5.58974
212.6,7.59219,5.31136,7.72650,5.58974
212.7,7.59219,5.31136,7.72525,5.58974
212.8,7.59219,5.31136,7.72368,5.58974
212.9,7.59219,5.31136,7.72462,5.58974
213.0,9.28037,5.31136,8.57219,5.60501
213.1,9.29182,5.31136,9.29573,5.71087
213.2,9.29176,5.31136,9.38706,5.62634
213.3,9.29182,5.31136,9.38706,5.56593
213.4,9.29182,5.31136,9.40396,5.55311
213.5,9.29182,5.31136,9.39927,5.55311
213.6,9.29182,5.31136,9.38950,5.55311
213.7,9.29182,5.31136,9.38950,5.55311
213.8,9.29182,5.31136,9.38950,5.55311
213.9,9.29182,5.31136,9.39937,5.55311
214.0,9.29182,5.31136,9.39683,5.55311
214.1,9.29182,5.31136,9.39683,5.55311
214.2,9.29182,5.31136,9.39922,5.55311
214.3,9.29182,5.31136,9.39763,5.55311
214.4,9.29182,5.31136,9.39712,5.55311
214.5,9.29182,5.31136,9.38715,5.55311
214.6,9.29182,5.31136,9.39567,5.55311
214.7,9.29182,5.31136,9.39038,5.55311
214.8,9.29182,5.31136,9.38742,5.55311
214.9,9.29182,5.31136,9.38706,5.55311
215.0,9.29182,6.08059,9.38639,5.65812
215.1,9.29182,6.08059,9.36996,5.96581
215.2,9.29182,6.08059,9.36996,6.03907
215.3,9.29182,6.08059,9.36996,6.03907
215.4,9.29182,6.08059,9.36508,6.03907
215.5,9.29182,6.09280,9.36508,6.05372
215.6,9.29182,6.09280,9.36508,6.05372
215.7,9.29182,6.09280,9.36508,6.05372
215.8,9.29182,6.09280,9.36508,6.06593
215.9,9.29182,6.09280,9.36508,6.06642
216.0,9.29182,6.09280,9.37729,6.07814
216.1,9.29182,6.09280,9.37721,6.07881
216.2,9.29182,6.09280,9.37729,6.09035
216.3,9.29182,6.09280,9.37973,6.09086
216.4,9.29182,6.09280,9.37973,6.10542
216.5,9.29182,6.09280,9.37973,6.12019
216.6,9.29182,6.09280,9.37973,6.12698
216.7,9.29182,6.09280,9.37973,6.13919
216.8,9.29182,6.09280,9.37973,6.15553
216.9,9.29182,6.09280,9.37973,6.16361
217.0,2.24176,5.09646,7.14530,6.88400
217.1,2.24176,5.09646,2.77656,5.89499
217.2,2.24176,5.09646,2.39502,5.87069
217.3,2.24176,5.09646,2.31013,5.46940
217.4,2.24176,5.09646,2.31013,5.34844
217.5,2.24176,5.09646,2.31013,5.27228
217.6,2.24176,5.09646,2.30230,5.27228
217.7,2.24176,5.09646,2.29548,5.27228
217.8,2.24176,5.09646,2.29745,5.27228
217.9,2.24176,5.09646,2.29938,5.28449
218.0,2.24176,5.09646,2.29802,5.28449
218.1,2.24176,5.09646,2.30525,5.28449
218.2,2.24176,5.09646,2.30525,5.28449
218.3,2.24176,5.09646,2.29548,5.28449
218.4,2.24176,5.09646,2.30164,5.28449
218.5,2.24176,5.09646,2.29558,5.29426
218.6,2.24176,5.09646,2.30051,5.29426
218.7,2.24176,5.09646,2.30525,5.28681
218.8,2.24176,5.09646,2.30525,5.28449
218.9,2.24176,5.09646,2.30525,5.28449
219.0,2.47375,9.47009,2.42208,8.33455
219.1,2.47375,9.47009,2.52747,8.27064
219.2,2.47375,9.47009,2.52747,9.43834
219.3,2.47375,9.47009,2.52747,9.43834
219.4,2.47375,9.47009,2.52747,9.45055
219.5,2.47375,9.47009,2.52747,9.45055
219.6,2.47375,9.47009,2.52747,9.46276
219.7,2.47375,9.47009,2.52747,9.46276
219.8,2.47375,9.47009,2.54193,9.46276
219.9,2.47375,9.47009,2.53724,9.47497
220.0,2.47375,9.47009,2.53724,9.47497
220.1,2.47375,9.47009,2.53724,9.48718
220.2,2.47375,9.47009,2.54945,9.49969
220.3,2.47375,9.47009,2.54433,9.51114
220.4,2.47375,9.47009,2.54457,9.51789
220.5,2.47375,9.47009,2.54457,9.52381
220.6,2.47375,9.47009,2.54457,9.53602
220.7,2.47375,9.47009,2.54457,9.54823
220.8,2.47375,9.47009,2.54457,9.54823
220.9,2.47375,9.47009,2.54457,9.54823
221.0,5.48230,8.19780,4.17582,8.92650
221.1,5.48230,8.19780,5.58242,8.50310
221.2,5.48230,8.19780,5.58242,8.46130
221.3,5.48230,8.19780,5.58242,8.42491
221.4,5.48230,8.19780,5.58242,8.42491
221.5,5.48230,8.19780,5.58242,8.42491
221.6,5.48230,8.19780,5.58242,8.42491
221.7,5.48230,8.19780,5.57021,8.42491
221.8,5.48230,8.19780,5.58242,8.42491
221.9,5.48230,8.19780,5.58242,8.42491
222.0,5.48230,8.19780,5.58242,8.42491
222.1,5.48230,8.19780,5.57753,8.42491
222.2,5.48230,8.19780,5.57265,8.42491
222.3,5.48230,8.19780,5.57267,8.42491
222.4,5.48230,8.19780,5.57265,8.42491
222.5,5.48230,8.19780,5.57265,8.42491
222.6,5.48230,8.19780,5.57265,8.42491
222.7,5.48230,8.19780,5.57265,8.42491
222.8,5.48230,8.19780,5.57280,8.42491
222.9,5.48230,8.19780,5.57998,8.42491
223.0,8.69841,6.76190,6.89734,7.72161
223.1,8.69841,6.76190,7.82421,7.22942
223.2,8.69841,6.76190,8.80823,7.00156
223.3,8.69841,6.76190,8.81807,7.00122
223.4,8.69841,6.76190,8.81807,7.00122
223.5,8.69841,6.76190,8.81807,7.00122
223.6,8.69841,6.76190,8.81807,7.00122
223.7,8.69841,6.76190,8.82295,7.00122
223.8,8.69841,6.76190,8.81074,7.00122
223.9,8.69841,6.76190,8.81074,7.00122
224.0,8.69841,6.76190,8.82178,7.00122
224.1,8.69841,6.76190,8.82507,7.00122
224.2,8.69841,6.76190,8.80830,7.00122
224.3,8.69841,6.76190,8.80606,7.00122
224.4,8.69841,6.76190,8.81319,7.00122
224.5,8.69841,6.76190,8.81319,7.00122
224.6,8.69841,6.76190,8.81319,7.00122
224.7,8.69841,6.76190,8.81319,7.00122
224.8,8.69841,6.76190,8.81319,7.00122
224.9,8.69841,6.76190,8.81319,7.00122
225.0,8.38584,7.35287,8.81319,7.02021
225.1,8.38584,7.35287,8.70431,7.28036
225.2,8.38584,7.35287,8.65031,7.33755
225.3,8.38584,7.35287,8.57587,7.39020
225.4,8.38584,7.35287,8.53343,7.48112
225.5,8.38584,7.35287,8.52237,7.75602
225.6,8.38584,7.35287,8.51526,7.87776
225.7,8.38584,7.35287,8.51536,7.89988
225.8,8.38584,7.35287,8.50305,7.89988
225.9,8.38584,7.35287,8.49573,7.89988
226.0,8.38584,7.35287,8.50061,7.89988
226.1,8.38584,7.35287,8.48840,7.88767
226.2,8.38584,7.35287,8.48840,7.87546
226.3,8.38584,7.35287,8.48840,7.87546
226.4,8.38584,7.35287,8.48840,7.87546
226.5,8.38584,7.35287,8.48840,7.87546
226.6,8.38584,7.35287,8.48840,7.87546
226.7,8.38584,7.35287,8.48596,7.87546
226.8,8.38584,7.35287,8.48572,7.87546
226.9,8.38584,7.35287,8.48568,7.86297
227.0,8.69353,7.35287,8.62271,7.82173
227.1,8.69353,7.35287,8.79637,7.73382
227.2,8.69353,7.35287,8.79853,7.67482
227.3,8.69353,7.35287,8.79855,7.63408
227.4,8.69353,7.35287,8.80586,7.63370
227.5,8.69353,7.35287,8.79365,7.63370
227.6,8.69353,7.35287,8.79694,7.61905
227.7,8.69353,7.35287,8.79853,7.61905
227.8,8.69353,7.35287,8.79853,7.61905
227.9,8.69353,7.35287,8.79853,7.61905
228.0,8.69353,7.35287,8.80580,7.61905
228.1,8.69353,7.35287,8.79298,7.61905
228.2,8.69353,7.35287,8.79136,7.61905
228.3,8.69353,7.35287,8.79121,7.61905
228.4,8.69353,7.35287,8.79609,7.61905
228.5,8.69353,7.35287,8.79604,7.61905
228.6,8.69353,7.35287,8.79609,7.61905
228.7,8.69353,7.35287,8.79609,7.61905
228.8,8.69353,7.35287,8.79609,7.61905
228.9,8.69353,7.35287,8.79609,7.61905
229.0,5.04518,8.51526,7.51856,8.01099
229.1,5.04518,8.51526,5.20147,8.39758
229.2,5.04518,8.51526,5.10134,8.45421
229.3,5.04518,8.51526,5.10134,8.48352
229.4,5.04518,8.51526,5.10134,8.48352
229.5,5.04518,8.51526,5.10134,8.48985
229.6,5.04518,8.51526,5.10134,8.49573
229.7,5.04518,8.51526,5.11355,8.49620
229.8,5.04518,8.51526,5.11122,8.50794
229.9,5.04518,8.51526,5.10967,8.52015
230.0,5.04518,8.51526,5.11844,8.52015
230.1,5.04518,8.51526,5.11355,8.54457
230.2,5.04518,8.51526,5.11355,8.54457
230.3,5.04518,8.52747,5.11355,8.55678
230.4,5.04518,8.52747,5.11355,8.56899
230.5,5.04518,8.52747,5.11355,8.58269
230.6,5.04518,8.52747,5.11355,8.59585
230.7,5.04518,8.52747,5.11355,8.60806
230.8,5.04518,8.52747,5.11355,8.60806
230.9,5.04518,8.52747,5.11355,8.62027
231.0,8.11722,3.85592,6.43048,7.00957
231.1,8.11722,3.85592,7.60689,6.09106
231.2,8.11722,3.85592,8.25641,4.05372
231.3,8.11722,3.85592,8.25641,4.05372
231.4,8.11722,3.85592,8.25641,4.05372
231.5,8.11722,3.85592,8.25641,4.05372
231.6,8.11722,3.85592,8.25397,4.05372
231.7,8.11722,3.85592,8.25397,4.05372
231.8,8.11722,3.84371,8.25641,4.05372
231.9,8.11722,3.84371,8.24420,4.05372
232.0,8.11722,3.84371,8.24420,4.05372
232.1,8.11722,3.84371,8.24420,4.05372
232.2,8.11722,3.84371,8.24420,4.05372
232.3,8.11722,3.84371,8.25641,4.05372
232.4,8.11722,3.84371,8.24420,4.05372
232.5,8.11722,3.84371,8.23951,4.05372
232.6,8.11722,3.84371,8.25397,4.05372
232.7,8.11722,3.84371,8.24420,4.05372
232.8,8.11722,3.84371,8.24420,4.05372
232.9,8.11722,3.84371,8.24420,4.05372
233.0,9.50916,7.09890,8.76698,6.03663
233.1,9.50916,7.09890,9.61148,7.05764
233.2,9.50916,7.09890,9.59951,7.08273
233.3,9.50916,7.09890,9.60928,7.09452
233.4,9.50916,7.09890,9.59803,7.11073
233.5,9.50916,7.09890,9.60645,7.13065
233.6,9.50916,7.09890,9.60440,7.14322
233.7,9.50916,7.09890,9.60440,7.15149
233.8,9.50916,7.09890,9.60440,7.17521
233.9,9.50916,7.09890,9.60440,7.18971
234.0,9.50916,7.09890,9.60440,7.20147
234.1,9.50916,7.09890,9.59219,7.21344
234.2,9.50916,7.09890,9.59219,7.23810
234.3,9.50916,7.09890,9.60928,7.23810
234.4,9.50916,7.09890,9.60440,7.25618
234.5,9.50916,7.09890,9.60440,7.27473
234.6,9.50916,7.09890,9.60440,7.27473
234.7,9.50916,7.09890,9.60440,7.28694
234.8,9.50916,7.09890,9.60440,7.29915
234.9,9.50916,7.09890,9.60440,7.31136
235.0,9.50916,2.95726,9.60684,5.89595
235.1,9.50916,2.95726,9.60684,4.41314
235.2,9.50916,2.95726,9.60684,3.13579
235.3,9.50916,2.95726,9.60928,3.12720
235.4,9.50916,2.95726,9.60928,3.12332
235.5,9.50916,2.95726,9.60928,3.11111
235.6,9.50916,2.95726,9.60928,3.11111
235.7,9.50916,2.95726,9.60928,3.11111
235.8,9.50916,2.95726,9.60195,3.11111
235.9,9.50916,2.95726,9.60195,3.11111
236.0,9.50916,2.95726,9.60195,3.11111
236.1,9.50916,2.95726,9.60195,3.11111
236.2,9.50916,2.95726,9.60195,3.11111
236.3,9.50916,2.95726,9.60195,3.11111
236.4,9.50916,2.95726,9.60195,3.11111
236.5,9.50916,2.95726,9.60195,3.11111
236.6,9.50916,2.95726,9.60459,3.11111
236.7,9.50916,2.95726,9.59961,3.11111
236.8,9.50916,2.95726,9.60195,3.11111
236.9,9.50916,2.95726,8.99532,3.11111
237.0,0.89377,2.70574,8.41758,3.46032
237.1,0.89377,2.70574,1.65841,3.63763
237.2,0.89377,2.70574,1.07448,3.25519
237.3,0.89377,2.70574,0.95482,3.09081
237.4,0.89377,2.70574,0.95482,2.98224
237.5,0.89377,2.70574,0.95482,2.86935
237.6,0.89377,2.70574,0.95238,2.85714
237.7,0.89377,2.70574,0.95482,2.84582
237.8,0.89377,2.70574,0.95238,2.84493
237.9,0.89377,2.70574,0.94994,2.84493
238.0,0.89377,2.70574,0.94994,2.84493
238.1,0.89377,2.70574,0.94994,2.85714
238.2,0.89377,2.70574,0.94994,2.85714
238.3,0.89377,2.70574,0.94994,2.85714
238.4,0.89377,2.70574,0.94994,2.85714
238.5,0.89377,2.70574,0.94994,2.86935
238.6,0.89377,2.70574,0.94994,2.86935
238.7,0.89377,2.70574,0.94994,2.86935
238.8,0.89377,2.70574,0.94994,2.86935
238.9,0.89377,2.70574,0.94994,2.86935